<?xml version="1.0" encoding="UTF-8"?>
<AppHdr xmlns="urn:iso:std:iso:20022:tech:xsd:head.001.001.02" xmlns:xsi="http://www.w3.org/2001/XMLSchema-instance">
	<Fr>
		<OrgId>
			<Id>
				<OrgId>
					<AnyBIC>PBBBDEFFXXX</AnyBIC>
				</OrgId>
			</Id>
		</OrgId>
	</Fr>
	<To>
		<OrgId>
			<Id>
				<OrgId>
					<AnyBIC>PBBBDEFFXXX</AnyBIC>
				</OrgId>
			</Id>
		</OrgId>
	</To>
	<BizMsgIdr>BizMsgId</BizMsgIdr>
	<MsgDefIdr>camt.054.001.08</MsgDefIdr>
	<BizSvc>bot.bahtnet.cdt.01</BizSvc>
	<CreDt>2020-03-24T10:48:00+05:30</CreDt>
</AppHdr>
<Document xmlns="urn:iso:std:iso:20022:tech:xsd:camt.054.001.08" xmlns:xsi="http://www.w3.org/2001/XMLSchema-instance">
	<BkToCstmrDbtCdtNtfctn>
		<GrpHdr>
			<MsgId>NONREF1</MsgId>
			<CreDtTm>2020-02-06T10:15:02.001+05:30</CreDtTm>
		</GrpHdr>
		<Ntfctn>
			<Id>Ouc054b5012C-BAHId</Id>
			<Acct>
				<Id>
					<Othr>
						<Id>RTGSDCPBCCDEFFAC1THB0A01</Id>
					</Othr>
				</Id>
				<Ownr>
					<Nm>Nm</Nm>
					<PstlAdr>
						<Dept>Dept</Dept>
						<SubDept>SubDept</SubDept>
						<StrtNm>StrtNm</StrtNm>
						<BldgNb>BldgNb</BldgNb>
						<BldgNm>BldgNm</BldgNm>
						<Flr>Flr</Flr>
						<PstBx>PstBx</PstBx>
						<Room>Room</Room>
						<PstCd>PstCd</PstCd>
						<TwnNm>TwnNm</TwnNm>
						<TwnLctnNm>TwnLctnNm</TwnLctnNm>
						<DstrctNm>DstrctNm</DstrctNm>
						<CtrySubDvsn>CtrySubDvsn</CtrySubDvsn>
						<Ctry>US</Ctry>
					</PstlAdr>
					<Id>
						<OrgId>
							<AnyBIC>PBBBDEFFXXX</AnyBIC>
						</OrgId>
					</Id>
				</Ownr>
				<Svcr>
					<FinInstnId>
						<BICFI>PBAADEFFAC2</BICFI>
					</FinInstnId>
				</Svcr>
			</Acct>
			<Ntry>
				<NtryRef>RTGS-p998b501-2</NtryRef>
				<Amt Ccy="THB">22000</Amt>
				<CdtDbtInd>CRDT</CdtDbtInd>
				<Sts>
					<Cd>BOOK</Cd>
				</Sts>
				<ValDt>
					<Dt>2020-02-06</Dt>
				</ValDt>
				<BkTxCd>
					<Prtry>
						<Cd>ASTI</Cd>
					</Prtry>
				</BkTxCd>
				<NtryDtls>
					<TxDtls>
						<Refs>
							<InstrId>Inp998b501-InsId2</InstrId>
							<EndToEndId>Inp998b501-E2EIdA</EndToEndId>
							<UETR>e008b021-59c5-41e9-be4c-d45102fc201e</UETR>
						</Refs>
						<Amt Ccy="THB">22000</Amt>
						<RltdPties>
							<InitgPty>
								<Agt>
									<FinInstnId>
										<BICFI>PBBBDEFFXXX</BICFI>
									</FinInstnId>
								</Agt>
							</InitgPty>
							<Dbtr>
								<Pty>
									<Nm>Nm</Nm>
									<PstlAdr>
										<Dept>Dept</Dept>
										<SubDept>SubDept</SubDept>
										<StrtNm>StrtNm</StrtNm>
										<BldgNb>BldgNb</BldgNb>
										<BldgNm>BldgNm</BldgNm>
										<Flr>Flr</Flr>
										<PstBx>PstBx</PstBx>
										<Room>Room</Room>
										<PstCd>PstCd</PstCd>
										<TwnNm>TwnNm</TwnNm>
										<TwnLctnNm>TwnLctnNm</TwnLctnNm>
										<DstrctNm>DstrctNm</DstrctNm>
										<CtrySubDvsn>CtrySubDvsn</CtrySubDvsn>
										<Ctry>US</Ctry>
									</PstlAdr>
									<Id>
										<OrgId>
											<AnyBIC>TESTCNVTXXX</AnyBIC>
											<Othr>
												<Id>Id</Id>
												<SchmeNm>
													<Cd>BANK</Cd>
												</SchmeNm>
												<Issr>Issr</Issr>
											</Othr>
										</OrgId>
									</Id>
									<CtryOfRes>US</CtryOfRes>
								</Pty>
							</Dbtr>
							<DbtrAcct>
								<Id>
									<Othr>
										<Id>Id</Id>
									</Othr>
								</Id>
								<Tp>
									<Prtry>Prtry</Prtry>
								</Tp>
								<Prxy>
									<Tp>
										<Prtry>Prtry</Prtry>
									</Tp>
									<Id>Id</Id>
								</Prxy>
							</DbtrAcct>
						</RltdPties>
						<RltdAgts>
							<InstgAgt>
								<FinInstnId>
									<BICFI>PBBBDEFFXXX</BICFI>
									<LEI>ANTU6WO6YYAU94PEA133</LEI>
									<Nm>Nm</Nm>
									<PstlAdr>
										<Dept>Dept</Dept>
										<SubDept>SubDept</SubDept>
										<StrtNm>StrtNm</StrtNm>
										<BldgNb>BldgNb</BldgNb>
										<BldgNm>BldgNm</BldgNm>
										<Flr>Flr</Flr>
										<PstBx>PstBx</PstBx>
										<Room>Room</Room>
										<PstCd>PstCd</PstCd>
										<TwnNm>TwnNm</TwnNm>
										<TwnLctnNm>TwnLctnNm</TwnLctnNm>
										<DstrctNm>DstrctNm</DstrctNm>
										<CtrySubDvsn>CtrySubDvsn</CtrySubDvsn>
										<Ctry>US</Ctry>
									</PstlAdr>
									<Othr>
										<Id>Id</Id>
										<SchmeNm>
											<Cd>AIIN</Cd>
										</SchmeNm>
										<Issr>Issr</Issr>
									</Othr>
								</FinInstnId>
							</InstgAgt>
							<DbtrAgt>
								<FinInstnId>
									<BICFI>UNMCUS51XXX</BICFI>
									<ClrSysMmbId>
										<ClrSysId>
											<Cd>ATBLZ</Cd>
										</ClrSysId>
										<MmbId>MmbId</MmbId>
									</ClrSysMmbId>
									<LEI>ANTU6WO6YYAU94PEA133</LEI>
									<Nm>Nm</Nm>
									<PstlAdr>
										<Dept>Dept</Dept>
										<SubDept>SubDept</SubDept>
										<StrtNm>StrtNm</StrtNm>
										<BldgNb>BldgNb</BldgNb>
										<BldgNm>BldgNm</BldgNm>
										<Flr>Flr</Flr>
										<PstBx>PstBx</PstBx>
										<Room>Room</Room>
										<PstCd>PstCd</PstCd>
										<TwnNm>TwnNm</TwnNm>
										<TwnLctnNm>TwnLctnNm</TwnLctnNm>
										<DstrctNm>DstrctNm</DstrctNm>
										<CtrySubDvsn>CtrySubDvsn</CtrySubDvsn>
										<Ctry>US</Ctry>
									</PstlAdr>
								</FinInstnId>
							</DbtrAgt>
						</RltdAgts>
						<LclInstrm>
							<Cd>ACCEPT</Cd>
						</LclInstrm>
						<Purp>
							<Cd>BKDF</Cd>
						</Purp>
						<AddtlTxInf>AddtlNtryInf</AddtlTxInf>
					</TxDtls>
				</NtryDtls>
			</Ntry>
		</Ntfctn>
	</BkToCstmrDbtCdtNtfctn>
</Document>
