<?xml version="1.0" encoding="UTF-8"?>
<AppHdr xmlns="urn:iso:std:iso:20022:tech:xsd:head.001.001.02" xmlns:xsi="http://www.w3.org/2001/XMLSchema-instance">
	<Fr>
		<OrgId>
			<Id>
				<OrgId>
					<AnyBIC>PBBBDEFFXXX</AnyBIC>
				</OrgId>
			</Id>
		</OrgId>
	</Fr>
	<To>
		<OrgId>
			<Id>
				<OrgId>
					<AnyBIC>PBBBDEFFXXX</AnyBIC>
				</OrgId>
			</Id>
		</OrgId>
	</To>
	<BizMsgIdr>M</BizMsgIdr>
	<MsgDefIdr>pacs.009.001.08</MsgDefIdr>
	<BizSvc>bot.bahtnet.cov.01</BizSvc>
	<CreDt>2020-03-24T10:48:00+05:30</CreDt>
</AppHdr>
<Document xmlns="urn:iso:std:iso:20022:tech:xsd:pacs.009.001.08" xmlns:xsi="http://www.w3.org/2001/XMLSchema-instance">
	<FICdtTrf>
		<GrpHdr>
			<MsgId>BBBB/060928-FICT/JPY/430</MsgId>
			<CreDtTm>2006-09-28T16:01:00+05:00</CreDtTm>
			<NbOfTxs>1</NbOfTxs>
			<SttlmInf>
				<SttlmMtd>CLRG</SttlmMtd>
				<ClrSys>
					<Cd>THB</Cd>
				</ClrSys>
			</SttlmInf>
		</GrpHdr>
		<CdtTrfTxInf>
			<PmtId>
				<InstrId>BBBB/060928</InstrId>
				<EndToEndId>BBBB/060928-CCT1</EndToEndId>
				<UETR>abcdefed-eddd-4edd-8edd-abcdefacdeac</UETR>
				<ClrSysRef>ClrSysRef</ClrSysRef>
			</PmtId>
			<PmtTpInf>
				<SvcLvl>
					<Cd>BKTR</Cd>
				</SvcLvl>
				<LclInstrm>
					<Prtry>Prt</Prtry>
				</LclInstrm>
				<CtgyPurp>
					<Prtry>CASH</Prtry>
				</CtgyPurp>
			</PmtTpInf>
			<IntrBkSttlmAmt Ccy="THB">10000000</IntrBkSttlmAmt>
			<IntrBkSttlmDt>2006-09-29</IntrBkSttlmDt>
			<SttlmPrty>NORM</SttlmPrty>
			<SttlmTmIndctn>
				<CdtDtTm>2020-04-21T11:01:31.117+05:30</CdtDtTm>
			</SttlmTmIndctn>
			<PrvsInstgAgt1>
				<FinInstnId>
					<BICFI>TESTCNVTXXX</BICFI>
					<ClrSysMmbId>
						<ClrSysId>
							<Cd>ATBLZ</Cd>
						</ClrSysId>
						<MmbId>MmbId</MmbId>
					</ClrSysMmbId>
					<LEI>WUC338H9X6CANN78QL28</LEI>
					<Nm>Nm</Nm>
					<PstlAdr>
						<Dept>Dept</Dept>
						<SubDept>SubDept</SubDept>
						<StrtNm>StrtNm</StrtNm>
						<BldgNb>BldgNb</BldgNb>
						<BldgNm>BldgNm</BldgNm>
						<Flr>Flr</Flr>
						<PstBx>PstBx</PstBx>
						<Room>Room</Room>
						<PstCd>PstCd</PstCd>
						<TwnNm>TwnNm</TwnNm>
						<TwnLctnNm>TwnLctnNm</TwnLctnNm>
						<DstrctNm>DstrctNm</DstrctNm>
						<CtrySubDvsn>CtrySubDvsn</CtrySubDvsn>
						<Ctry>US</Ctry>
					</PstlAdr>
				</FinInstnId>
			</PrvsInstgAgt1>
			<PrvsInstgAgt1Acct>
				<Id>
					<Othr>
						<Id>Id</Id>
						<SchmeNm>
							<Cd>AIIN</Cd>
						</SchmeNm>
						<Issr>Issr</Issr>
					</Othr>
				</Id>
				<Tp>
					<Prtry>Prtry</Prtry>
				</Tp>
				<Ccy>USD</Ccy>
				<Nm>Nm</Nm>
				<Prxy>
					<Tp>
						<Prtry>Prtry</Prtry>
					</Tp>
					<Id>Id</Id>
				</Prxy>
			</PrvsInstgAgt1Acct>
			<PrvsInstgAgt2>
				<FinInstnId>
					<BICFI>TESTCNVT</BICFI>
					<ClrSysMmbId>
						<ClrSysId>
							<Cd>ATBLZ</Cd>
						</ClrSysId>
						<MmbId>MmbId</MmbId>
					</ClrSysMmbId>
					<LEI>ANTU6WO6YYAU94PEA133</LEI>
					<Nm>Nm</Nm>
					<PstlAdr>
						<Dept>Dept</Dept>
						<SubDept>SubDept</SubDept>
						<StrtNm>StrtNm</StrtNm>
						<BldgNb>BldgNb</BldgNb>
						<BldgNm>BldgNm</BldgNm>
						<Flr>Flr</Flr>
						<PstBx>PstBx</PstBx>
						<Room>Room</Room>
						<PstCd>PstCd</PstCd>
						<TwnNm>TwnNm</TwnNm>
						<TwnLctnNm>TwnLctnNm</TwnLctnNm>
						<DstrctNm>DstrctNm</DstrctNm>
						<CtrySubDvsn>CtrySubDvsn</CtrySubDvsn>
						<Ctry>US</Ctry>
					</PstlAdr>
				</FinInstnId>
			</PrvsInstgAgt2>
			<PrvsInstgAgt2Acct>
				<Id>
					<Othr>
						<Id>Id</Id>
						<SchmeNm>
							<Cd>AIIN</Cd>
						</SchmeNm>
						<Issr>Issr</Issr>
					</Othr>
				</Id>
				<Tp>
					<Prtry>Prtry</Prtry>
				</Tp>
				<Ccy>USD</Ccy>
				<Nm>Nm</Nm>
				<Prxy>
					<Tp>
						<Prtry>Prtry</Prtry>
					</Tp>
					<Id>Id</Id>
				</Prxy>
			</PrvsInstgAgt2Acct>
			<PrvsInstgAgt3>
				<FinInstnId>
					<BICFI>TESTCNVT</BICFI>
					<ClrSysMmbId>
						<ClrSysId>
							<Cd>ATBLZ</Cd>
						</ClrSysId>
						<MmbId>MmbId</MmbId>
					</ClrSysMmbId>
					<LEI>ANTU6WO6YYAU94PEA133</LEI>
					<Nm>Nm</Nm>
					<PstlAdr>
						<Dept>Dept</Dept>
						<SubDept>SubDept</SubDept>
						<StrtNm>StrtNm</StrtNm>
						<BldgNb>BldgNb</BldgNb>
						<BldgNm>BldgNm</BldgNm>
						<Flr>Flr</Flr>
						<PstBx>PstBx</PstBx>
						<Room>Room</Room>
						<PstCd>PstCd</PstCd>
						<TwnNm>TwnNm</TwnNm>
						<TwnLctnNm>TwnLctnNm</TwnLctnNm>
						<DstrctNm>DstrctNm</DstrctNm>
						<CtrySubDvsn>CtrySubDvsn</CtrySubDvsn>
						<Ctry>US</Ctry>
					</PstlAdr>
				</FinInstnId>
			</PrvsInstgAgt3>
			<PrvsInstgAgt3Acct>
				<Id>
					<Othr>
						<Id>Id</Id>
						<SchmeNm>
							<Cd>AIIN</Cd>
						</SchmeNm>
						<Issr>Issr</Issr>
					</Othr>
				</Id>
				<Tp>
					<Prtry>Prtry</Prtry>
				</Tp>
				<Ccy>USD</Ccy>
				<Nm>Nm</Nm>
				<Prxy>
					<Tp>
						<Prtry>Prtry</Prtry>
					</Tp>
					<Id>Id</Id>
				</Prxy>
			</PrvsInstgAgt3Acct>
			<InstgAgt>
				<FinInstnId>
					<BICFI>TESTCONV123</BICFI>
					<LEI>ANTU6WO6YYAU94PEA133</LEI>
				</FinInstnId>
			</InstgAgt>
			<InstdAgt>
				<FinInstnId>
					<BICFI>TESTCONV123</BICFI>
					<LEI>ANTU6WO6YYAU94PEA133</LEI>
				</FinInstnId>
			</InstdAgt>
			<IntrmyAgt1>
				<FinInstnId>
					<BICFI>TESTCNVT</BICFI>
					<ClrSysMmbId>
						<ClrSysId>
							<Cd>ATBLZ</Cd>
						</ClrSysId>
						<MmbId>MmbId</MmbId>
					</ClrSysMmbId>
					<LEI>ANTU6WO6YYAU94PEA133</LEI>
					<Nm>Nm</Nm>
					<PstlAdr>
						<Dept>Dept</Dept>
						<SubDept>SubDept</SubDept>
						<StrtNm>StrtNm</StrtNm>
						<BldgNb>BldgNb</BldgNb>
						<BldgNm>BldgNm</BldgNm>
						<Flr>Flr</Flr>
						<PstBx>PstBx</PstBx>
						<Room>Room</Room>
						<PstCd>PstCd</PstCd>
						<TwnNm>TwnNm</TwnNm>
						<TwnLctnNm>TwnLctnNm</TwnLctnNm>
						<DstrctNm>DstrctNm</DstrctNm>
						<CtrySubDvsn>CtrySubDvsn</CtrySubDvsn>
						<Ctry>US</Ctry>
					</PstlAdr>
				</FinInstnId>
			</IntrmyAgt1>
			<IntrmyAgt1Acct>
				<Id>
					<Othr>
						<Id>Id</Id>
						<SchmeNm>
							<Cd>AIIN</Cd>
						</SchmeNm>
						<Issr>Issr</Issr>
					</Othr>
				</Id>
				<Tp>
					<Prtry>Prtry</Prtry>
				</Tp>
				<Ccy>USD</Ccy>
				<Nm>Nm</Nm>
				<Prxy>
					<Tp>
						<Prtry>Prtry</Prtry>
					</Tp>
					<Id>Id</Id>
				</Prxy>
			</IntrmyAgt1Acct>
			<IntrmyAgt2>
				<FinInstnId>
					<BICFI>TESTCNVT</BICFI>
					<ClrSysMmbId>
						<ClrSysId>
							<Cd>ATBLZ</Cd>
						</ClrSysId>
						<MmbId>MmbId</MmbId>
					</ClrSysMmbId>
					<LEI>ANTU6WO6YYAU94PEA133</LEI>
					<Nm>Nm</Nm>
					<PstlAdr>
						<Dept>Dept</Dept>
						<SubDept>SubDept</SubDept>
						<StrtNm>StrtNm</StrtNm>
						<BldgNb>BldgNb</BldgNb>
						<BldgNm>BldgNm</BldgNm>
						<Flr>Flr</Flr>
						<PstBx>PstBx</PstBx>
						<Room>Room</Room>
						<PstCd>PstCd</PstCd>
						<TwnNm>TwnNm</TwnNm>
						<TwnLctnNm>TwnLctnNm</TwnLctnNm>
						<DstrctNm>DstrctNm</DstrctNm>
						<CtrySubDvsn>CtrySubDvsn</CtrySubDvsn>
						<Ctry>US</Ctry>
					</PstlAdr>
				</FinInstnId>
			</IntrmyAgt2>
			<IntrmyAgt2Acct>
				<Id>
					<Othr>
						<Id>Id</Id>
						<SchmeNm>
							<Cd>AIIN</Cd>
						</SchmeNm>
						<Issr>Issr</Issr>
					</Othr>
				</Id>
				<Tp>
					<Prtry>Prtry</Prtry>
				</Tp>
				<Ccy>USD</Ccy>
				<Nm>Nm</Nm>
				<Prxy>
					<Tp>
						<Prtry>Prtry</Prtry>
					</Tp>
					<Id>Id</Id>
				</Prxy>
			</IntrmyAgt2Acct>
			<IntrmyAgt3>
				<FinInstnId>
					<BICFI>TESTCNVT</BICFI>
					<ClrSysMmbId>
						<ClrSysId>
							<Cd>ATBLZ</Cd>
						</ClrSysId>
						<MmbId>MmbId</MmbId>
					</ClrSysMmbId>
					<LEI>ANTU6WO6YYAU94PEA133</LEI>
					<Nm>Nm</Nm>
					<PstlAdr>
						<Dept>Dept</Dept>
						<SubDept>SubDept</SubDept>
						<StrtNm>StrtNm</StrtNm>
						<BldgNb>BldgNb</BldgNb>
						<BldgNm>BldgNm</BldgNm>
						<Flr>Flr</Flr>
						<PstBx>PstBx</PstBx>
						<Room>Room</Room>
						<PstCd>PstCd</PstCd>
						<TwnNm>TwnNm</TwnNm>
						<TwnLctnNm>TwnLctnNm</TwnLctnNm>
						<DstrctNm>DstrctNm</DstrctNm>
						<CtrySubDvsn>CtrySubDvsn</CtrySubDvsn>
						<Ctry>US</Ctry>
					</PstlAdr>
				</FinInstnId>
			</IntrmyAgt3>
			<IntrmyAgt3Acct>
				<Id>
					<Othr>
						<Id>Id</Id>
						<SchmeNm>
							<Cd>AIIN</Cd>
						</SchmeNm>
						<Issr>Issr</Issr>
					</Othr>
				</Id>
				<Tp>
					<Prtry>Prtry</Prtry>
				</Tp>
				<Ccy>USD</Ccy>
				<Nm>Nm</Nm>
				<Prxy>
					<Tp>
						<Prtry>Prtry</Prtry>
					</Tp>
					<Id>Id</Id>
				</Prxy>
			</IntrmyAgt3Acct>
			<Dbtr>
				<FinInstnId>
					<BICFI>TESTCNVT</BICFI>
					<ClrSysMmbId>
						<ClrSysId>
							<Cd>ATBLZ</Cd>
						</ClrSysId>
						<MmbId>MmbId</MmbId>
					</ClrSysMmbId>
					<LEI>ANTU6WO6YYAU94PEA133</LEI>
					<Nm>Nm</Nm>
					<PstlAdr>
						<Dept>Dept</Dept>
						<SubDept>SubDept</SubDept>
						<StrtNm>StrtNm</StrtNm>
						<BldgNb>BldgNb</BldgNb>
						<BldgNm>BldgNm</BldgNm>
						<Flr>Flr</Flr>
						<PstBx>PstBx</PstBx>
						<Room>Room</Room>
						<PstCd>PstCd</PstCd>
						<TwnNm>TwnNm</TwnNm>
						<TwnLctnNm>TwnLctnNm</TwnLctnNm>
						<DstrctNm>DstrctNm</DstrctNm>
						<CtrySubDvsn>CtrySubDvsn</CtrySubDvsn>
						<Ctry>US</Ctry>
					</PstlAdr>
				</FinInstnId>
			</Dbtr>
			<DbtrAcct>
				<Id>
					<Othr>
						<Id>Id</Id>
					</Othr>
				</Id>
				<Tp>
					<Prtry>Prtry</Prtry>
				</Tp>
			</DbtrAcct>
			<DbtrAgt>
				<FinInstnId>
					<BICFI>TESTCNVT</BICFI>
					<ClrSysMmbId>
						<ClrSysId>
							<Cd>ATBLZ</Cd>
						</ClrSysId>
						<MmbId>MmbId</MmbId>
					</ClrSysMmbId>
					<LEI>ANTU6WO6YYAU94PEA133</LEI>
					<Nm>Nm</Nm>
					<PstlAdr>
						<Dept>Dept</Dept>
						<SubDept>SubDept</SubDept>
						<StrtNm>StrtNm</StrtNm>
						<BldgNb>BldgNb</BldgNb>
						<BldgNm>BldgNm</BldgNm>
						<Flr>Flr</Flr>
						<PstBx>PstBx</PstBx>
						<Room>Room</Room>
						<PstCd>PstCd</PstCd>
						<TwnNm>TwnNm</TwnNm>
						<TwnLctnNm>TwnLctnNm</TwnLctnNm>
						<DstrctNm>DstrctNm</DstrctNm>
						<CtrySubDvsn>CtrySubDvsn</CtrySubDvsn>
						<Ctry>US</Ctry>
					</PstlAdr>
				</FinInstnId>
			</DbtrAgt>
			<DbtrAgtAcct>
				<Id>
					<Othr>
						<Id>Id</Id>
						<SchmeNm>
							<Cd>AIIN</Cd>
						</SchmeNm>
						<Issr>Issr</Issr>
					</Othr>
				</Id>
				<Tp>
					<Prtry>Prtry</Prtry>
				</Tp>
			</DbtrAgtAcct>
			<CdtrAgt>
				<FinInstnId>
					<BICFI>TESTCNVT</BICFI>
					<ClrSysMmbId>
						<ClrSysId>
							<Cd>ATBLZ</Cd>
						</ClrSysId>
						<MmbId>MmbId</MmbId>
					</ClrSysMmbId>
					<LEI>ANTU6WO6YYAU94PEA133</LEI>
					<Nm>Nm</Nm>
					<PstlAdr>
						<Dept>Dept</Dept>
						<SubDept>SubDept</SubDept>
						<StrtNm>StrtNm</StrtNm>
						<BldgNb>BldgNb</BldgNb>
						<BldgNm>BldgNm</BldgNm>
						<Flr>Flr</Flr>
						<PstBx>PstBx</PstBx>
						<Room>Room</Room>
						<PstCd>PstCd</PstCd>
						<TwnNm>TwnNm</TwnNm>
						<TwnLctnNm>TwnLctnNm</TwnLctnNm>
						<DstrctNm>DstrctNm</DstrctNm>
						<CtrySubDvsn>CtrySubDvsn</CtrySubDvsn>
						<Ctry>US</Ctry>
					</PstlAdr>
				</FinInstnId>
			</CdtrAgt>
			<CdtrAgtAcct>
				<Id>
					<Othr>
						<Id>Id</Id>
					</Othr>
				</Id>
				<Tp>
					<Prtry>Prtry</Prtry>
				</Tp>
			</CdtrAgtAcct>
			<Cdtr>
				<FinInstnId>
					<BICFI>TESTCNVT</BICFI>
					<LEI>ANTU6WO6YYAU94PEA133</LEI>
					<Nm>Nm</Nm>
					<PstlAdr>
						<Dept>Dept</Dept>
						<SubDept>SubDept</SubDept>
						<StrtNm>StrtNm</StrtNm>
						<BldgNb>BldgNb</BldgNb>
						<BldgNm>BldgNm</BldgNm>
						<Flr>Flr</Flr>
						<PstBx>PstBx</PstBx>
						<Room>Room</Room>
						<PstCd>PstCd</PstCd>
						<TwnNm>TwnNm</TwnNm>
						<TwnLctnNm>TwnLctnNm</TwnLctnNm>
						<DstrctNm>DstrctNm</DstrctNm>
						<CtrySubDvsn>CtrySubDvsn</CtrySubDvsn>
						<Ctry>US</Ctry>
					</PstlAdr>
				</FinInstnId>
			</Cdtr>
			<CdtrAcct>
				<Id>
					<Othr>
						<Id>Id</Id>
					</Othr>
				</Id>
				<Tp>
					<Prtry>Prtry</Prtry>
				</Tp>
			</CdtrAcct>
			<InstrForCdtrAgt>
				<Cd>TELB</Cd>
				<InstrInf>InstrInf</InstrInf>
			</InstrForCdtrAgt>
			<InstrForNxtAgt>
				<InstrInf>InstrInf</InstrInf>
			</InstrForNxtAgt>
			<Purp>
				<Cd>ACCT</Cd>
			</Purp>
			<RmtInf>
				<Ustrd>Ustrd</Ustrd>
			</RmtInf>
			<UndrlygCstmrCdtTrf>
				<UltmtDbtr>
					<Nm>Nm</Nm>
					<PstlAdr>
						<Dept>Dept</Dept>
						<SubDept>SubDept</SubDept>
						<StrtNm>StrtNm</StrtNm>
						<BldgNb>BldgNb</BldgNb>
						<BldgNm>BldgNm</BldgNm>
						<Flr>Flr</Flr>
						<PstBx>PstBx</PstBx>
						<Room>Room</Room>
						<PstCd>PstCd</PstCd>
						<TwnNm>TwnNm</TwnNm>
						<TwnLctnNm>TwnLctnNm</TwnLctnNm>
						<DstrctNm>DstrctNm</DstrctNm>
						<CtrySubDvsn>CtrySubDvsn</CtrySubDvsn>
						<Ctry>US</Ctry>
					</PstlAdr>
					<Id>
						<OrgId>
							<AnyBIC>TESTCNVTXXX</AnyBIC>
							<Othr>
								<Id>Id</Id>
								<SchmeNm>
									<Cd>BANK</Cd>
								</SchmeNm>
								<Issr>Issr</Issr>
							</Othr>
						</OrgId>
					</Id>
					<CtryOfRes>US</CtryOfRes>
				</UltmtDbtr>
				<InitgPty>
					<Nm>Nm</Nm>
					<PstlAdr>
						<Dept>Dept</Dept>
						<SubDept>SubDept</SubDept>
						<StrtNm>StrtNm</StrtNm>
						<BldgNb>BldgNb</BldgNb>
						<BldgNm>BldgNm</BldgNm>
						<Flr>Flr</Flr>
						<PstBx>PstBx</PstBx>
						<Room>Room</Room>
						<PstCd>PstCd</PstCd>
						<TwnNm>TwnNm</TwnNm>
						<TwnLctnNm>TwnLctnNm</TwnLctnNm>
						<DstrctNm>DstrctNm</DstrctNm>
						<CtrySubDvsn>CtrySubDvsn</CtrySubDvsn>
						<Ctry>US</Ctry>
					</PstlAdr>
					<Id>
						<OrgId>
							<AnyBIC>OYOBDT6D</AnyBIC>
							<Othr>
								<Id>Id</Id>
								<SchmeNm>
									<Cd>BANK</Cd>
								</SchmeNm>
								<Issr>Issr</Issr>
							</Othr>
						</OrgId>
					</Id>
					<CtryOfRes>US</CtryOfRes>
				</InitgPty>
				<Dbtr>
					<Nm>Nm</Nm>
					<PstlAdr>
						<Dept>Dept</Dept>
						<SubDept>SubDept</SubDept>
						<StrtNm>StrtNm</StrtNm>
						<BldgNb>BldgNb</BldgNb>
						<BldgNm>BldgNm</BldgNm>
						<Flr>Flr</Flr>
						<PstBx>PstBx</PstBx>
						<Room>Room</Room>
						<PstCd>PstCd</PstCd>
						<TwnNm>TwnNm</TwnNm>
						<TwnLctnNm>TwnLctnNm</TwnLctnNm>
						<DstrctNm>DstrctNm</DstrctNm>
						<CtrySubDvsn>CtrySubDvsn</CtrySubDvsn>
						<Ctry>US</Ctry>
					</PstlAdr>
					<Id>
						<OrgId>
							<AnyBIC>TESTCNVTXXX</AnyBIC>
							<Othr>
								<Id>Id</Id>
								<SchmeNm>
									<Cd>BANK</Cd>
								</SchmeNm>
								<Issr>Issr</Issr>
							</Othr>
						</OrgId>
					</Id>
					<CtryOfRes>US</CtryOfRes>
				</Dbtr>
				<DbtrAcct>
					<Id>
						<Othr>
							<Id>Id</Id>
							<SchmeNm>
								<Cd>AIIN</Cd>
							</SchmeNm>
							<Issr>Issr</Issr>
						</Othr>
					</Id>
					<Tp>
						<Prtry>Prtry</Prtry>
					</Tp>
					<Ccy>USD</Ccy>
					<Nm>Nm</Nm>
					<Prxy>
						<Tp>
							<Prtry>Prtry</Prtry>
						</Tp>
						<Id>Id</Id>
					</Prxy>
				</DbtrAcct>
				<DbtrAgt>
					<FinInstnId>
						<BICFI>TESTCNVT</BICFI>
						<ClrSysMmbId>
							<ClrSysId>
								<Cd>ATBLZ</Cd>
							</ClrSysId>
							<MmbId>MmbId</MmbId>
						</ClrSysMmbId>
						<LEI>ANTU6WO6YYAU94PEA133</LEI>
						<Nm>Nm</Nm>
						<PstlAdr>
							<Dept>Dept</Dept>
							<SubDept>SubDept</SubDept>
							<StrtNm>StrtNm</StrtNm>
							<BldgNb>BldgNb</BldgNb>
							<BldgNm>BldgNm</BldgNm>
							<Flr>Flr</Flr>
							<PstBx>PstBx</PstBx>
							<Room>Room</Room>
							<PstCd>PstCd</PstCd>
							<TwnNm>TwnNm</TwnNm>
							<TwnLctnNm>TwnLctnNm</TwnLctnNm>
							<DstrctNm>DstrctNm</DstrctNm>
							<CtrySubDvsn>CtrySubDvsn</CtrySubDvsn>
							<Ctry>US</Ctry>
						</PstlAdr>
					</FinInstnId>
				</DbtrAgt>
				<DbtrAgtAcct>
					<Id>
						<Othr>
							<Id>Id</Id>
							<SchmeNm>
								<Cd>AIIN</Cd>
							</SchmeNm>
							<Issr>Issr</Issr>
						</Othr>
					</Id>
					<Tp>
						<Prtry>Prtry</Prtry>
					</Tp>
					<Ccy>USD</Ccy>
					<Nm>Nm</Nm>
					<Prxy>
						<Tp>
							<Prtry>Prtry</Prtry>
						</Tp>
						<Id>Id</Id>
					</Prxy>
				</DbtrAgtAcct>
				<PrvsInstgAgt1>
					<FinInstnId>
						<BICFI>TESTCNVTXXX</BICFI>
						<ClrSysMmbId>
							<ClrSysId>
								<Cd>ATBLZ</Cd>
							</ClrSysId>
							<MmbId>MmbId</MmbId>
						</ClrSysMmbId>
						<LEI>WUC338H9X6CANN78QL28</LEI>
						<Nm>Nm</Nm>
						<PstlAdr>
							<Dept>Dept</Dept>
							<SubDept>SubDept</SubDept>
							<StrtNm>StrtNm</StrtNm>
							<BldgNb>BldgNb</BldgNb>
							<BldgNm>BldgNm</BldgNm>
							<Flr>Flr</Flr>
							<PstBx>PstBx</PstBx>
							<Room>Room</Room>
							<PstCd>PstCd</PstCd>
							<TwnNm>TwnNm</TwnNm>
							<TwnLctnNm>TwnLctnNm</TwnLctnNm>
							<DstrctNm>DstrctNm</DstrctNm>
							<CtrySubDvsn>CtrySubDvsn</CtrySubDvsn>
							<Ctry>US</Ctry>
						</PstlAdr>
					</FinInstnId>
				</PrvsInstgAgt1>
				<PrvsInstgAgt1Acct>
					<Id>
						<Othr>
							<Id>Id</Id>
							<SchmeNm>
								<Cd>AIIN</Cd>
							</SchmeNm>
							<Issr>Issr</Issr>
						</Othr>
					</Id>
					<Tp>
						<Prtry>Prtry</Prtry>
					</Tp>
					<Ccy>USD</Ccy>
					<Nm>Nm</Nm>
					<Prxy>
						<Tp>
							<Prtry>Prtry</Prtry>
						</Tp>
						<Id>Id</Id>
					</Prxy>
				</PrvsInstgAgt1Acct>
				<PrvsInstgAgt2>
					<FinInstnId>
						<BICFI>TESTCNVT</BICFI>
						<ClrSysMmbId>
							<ClrSysId>
								<Cd>ATBLZ</Cd>
							</ClrSysId>
							<MmbId>MmbId</MmbId>
						</ClrSysMmbId>
						<LEI>ANTU6WO6YYAU94PEA133</LEI>
						<Nm>Nm</Nm>
						<PstlAdr>
							<Dept>Dept</Dept>
							<SubDept>SubDept</SubDept>
							<StrtNm>StrtNm</StrtNm>
							<BldgNb>BldgNb</BldgNb>
							<BldgNm>BldgNm</BldgNm>
							<Flr>Flr</Flr>
							<PstBx>PstBx</PstBx>
							<Room>Room</Room>
							<PstCd>PstCd</PstCd>
							<TwnNm>TwnNm</TwnNm>
							<TwnLctnNm>TwnLctnNm</TwnLctnNm>
							<DstrctNm>DstrctNm</DstrctNm>
							<CtrySubDvsn>CtrySubDvsn</CtrySubDvsn>
							<Ctry>US</Ctry>
						</PstlAdr>
					</FinInstnId>
				</PrvsInstgAgt2>
				<PrvsInstgAgt2Acct>
					<Id>
						<Othr>
							<Id>Id</Id>
							<SchmeNm>
								<Cd>AIIN</Cd>
							</SchmeNm>
							<Issr>Issr</Issr>
						</Othr>
					</Id>
					<Tp>
						<Prtry>Prtry</Prtry>
					</Tp>
					<Ccy>USD</Ccy>
					<Nm>Nm</Nm>
					<Prxy>
						<Tp>
							<Prtry>Prtry</Prtry>
						</Tp>
						<Id>Id</Id>
					</Prxy>
				</PrvsInstgAgt2Acct>
				<PrvsInstgAgt3>
					<FinInstnId>
						<BICFI>TESTCNVT</BICFI>
						<ClrSysMmbId>
							<ClrSysId>
								<Cd>ATBLZ</Cd>
							</ClrSysId>
							<MmbId>MmbId</MmbId>
						</ClrSysMmbId>
						<LEI>ANTU6WO6YYAU94PEA133</LEI>
						<Nm>Nm</Nm>
						<PstlAdr>
							<Dept>Dept</Dept>
							<SubDept>SubDept</SubDept>
							<StrtNm>StrtNm</StrtNm>
							<BldgNb>BldgNb</BldgNb>
							<BldgNm>BldgNm</BldgNm>
							<Flr>Flr</Flr>
							<PstBx>PstBx</PstBx>
							<Room>Room</Room>
							<PstCd>PstCd</PstCd>
							<TwnNm>TwnNm</TwnNm>
							<TwnLctnNm>TwnLctnNm</TwnLctnNm>
							<DstrctNm>DstrctNm</DstrctNm>
							<CtrySubDvsn>CtrySubDvsn</CtrySubDvsn>
							<Ctry>US</Ctry>
						</PstlAdr>
					</FinInstnId>
				</PrvsInstgAgt3>
				<PrvsInstgAgt3Acct>
					<Id>
						<Othr>
							<Id>Id</Id>
							<SchmeNm>
								<Cd>AIIN</Cd>
							</SchmeNm>
							<Issr>Issr</Issr>
						</Othr>
					</Id>
					<Tp>
						<Prtry>Prtry</Prtry>
					</Tp>
					<Ccy>USD</Ccy>
					<Nm>Nm</Nm>
					<Prxy>
						<Tp>
							<Prtry>Prtry</Prtry>
						</Tp>
						<Id>Id</Id>
					</Prxy>
				</PrvsInstgAgt3Acct>
				<CdtrAgt>
					<FinInstnId>
						<BICFI>TESTCNVT</BICFI>
						<ClrSysMmbId>
							<ClrSysId>
								<Cd>ATBLZ</Cd>
							</ClrSysId>
							<MmbId>MmbId</MmbId>
						</ClrSysMmbId>
						<LEI>ANTU6WO6YYAU94PEA133</LEI>
						<Nm>Nm</Nm>
						<PstlAdr>
							<Dept>Dept</Dept>
							<SubDept>SubDept</SubDept>
							<StrtNm>StrtNm</StrtNm>
							<BldgNb>BldgNb</BldgNb>
							<BldgNm>BldgNm</BldgNm>
							<Flr>Flr</Flr>
							<PstBx>PstBx</PstBx>
							<Room>Room</Room>
							<PstCd>PstCd</PstCd>
							<TwnNm>TwnNm</TwnNm>
							<TwnLctnNm>TwnLctnNm</TwnLctnNm>
							<DstrctNm>DstrctNm</DstrctNm>
							<CtrySubDvsn>CtrySubDvsn</CtrySubDvsn>
							<Ctry>US</Ctry>
						</PstlAdr>
					</FinInstnId>
				</CdtrAgt>
				<CdtrAgtAcct>
					<Id>
						<Othr>
							<Id>Id</Id>
							<SchmeNm>
								<Cd>AIIN</Cd>
							</SchmeNm>
							<Issr>Issr</Issr>
						</Othr>
					</Id>
					<Tp>
						<Prtry>Prtry</Prtry>
					</Tp>
					<Ccy>USD</Ccy>
					<Nm>Nm</Nm>
					<Prxy>
						<Tp>
							<Prtry>Prtry</Prtry>
						</Tp>
						<Id>Id</Id>
					</Prxy>
				</CdtrAgtAcct>
				<Cdtr>
					<Nm>Nm</Nm>
					<PstlAdr>
						<Dept>Dept</Dept>
						<SubDept>SubDept</SubDept>
						<StrtNm>StrtNm</StrtNm>
						<BldgNb>BldgNb</BldgNb>
						<BldgNm>BldgNm</BldgNm>
						<Flr>Flr</Flr>
						<PstBx>PstBx</PstBx>
						<Room>Room</Room>
						<PstCd>PstCd</PstCd>
						<TwnNm>TwnNm</TwnNm>
						<TwnLctnNm>TwnLctnNm</TwnLctnNm>
						<DstrctNm>DstrctNm</DstrctNm>
						<CtrySubDvsn>CtrySubDvsn</CtrySubDvsn>
						<Ctry>US</Ctry>
					</PstlAdr>
					<Id>
						<OrgId>
							<AnyBIC>TESTCNVTXXX</AnyBIC>
							<Othr>
								<Id>Id</Id>
								<SchmeNm>
									<Cd>BANK</Cd>
								</SchmeNm>
								<Issr>Issr</Issr>
							</Othr>
						</OrgId>
					</Id>
					<CtryOfRes>US</CtryOfRes>
				</Cdtr>
				<CdtrAcct>
					<Id>
						<Othr>
							<Id>Id</Id>
							<SchmeNm>
								<Cd>AIIN</Cd>
							</SchmeNm>
							<Issr>Issr</Issr>
						</Othr>
					</Id>
					<Tp>
						<Prtry>Prtry</Prtry>
					</Tp>
					<Ccy>USD</Ccy>
					<Nm>Nm</Nm>
					<Prxy>
						<Tp>
							<Prtry>Prtry</Prtry>
						</Tp>
						<Id>Id</Id>
					</Prxy>
				</CdtrAcct>
				<UltmtCdtr>
					<Nm>Nm</Nm>
					<PstlAdr>
						<Dept>Dept</Dept>
						<SubDept>SubDept</SubDept>
						<StrtNm>StrtNm</StrtNm>
						<BldgNb>BldgNb</BldgNb>
						<BldgNm>BldgNm</BldgNm>
						<Flr>Flr</Flr>
						<PstBx>PstBx</PstBx>
						<Room>Room</Room>
						<PstCd>PstCd</PstCd>
						<TwnNm>TwnNm</TwnNm>
						<TwnLctnNm>TwnLctnNm</TwnLctnNm>
						<DstrctNm>DstrctNm</DstrctNm>
						<CtrySubDvsn>CtrySubDvsn</CtrySubDvsn>
						<Ctry>US</Ctry>
					</PstlAdr>
					<Id>
						<OrgId>
							<AnyBIC>TESTCNVTXXX</AnyBIC>
							<Othr>
								<Id>Id</Id>
								<SchmeNm>
									<Cd>BANK</Cd>
								</SchmeNm>
								<Issr>Issr</Issr>
							</Othr>
						</OrgId>
					</Id>
					<CtryOfRes>US</CtryOfRes>
				</UltmtCdtr>
				<InstrForCdtrAgt>
					<InstrInf>InstrInf</InstrInf>
				</InstrForCdtrAgt>
				<InstrForNxtAgt>
					<InstrInf>InstrInf</InstrInf>
				</InstrForNxtAgt>
				<RmtInf>
					<Strd>
						<RfrdDocInf>
							<Tp>
								<CdOrPrtry>
									<Cd>CMCN</Cd>
								</CdOrPrtry>
								<Issr>Issr</Issr>
							</Tp>
							<Nb>Nb</Nb>
							<RltdDt>2021-01-22</RltdDt>
							<LineDtls>
								<Id>
									<Tp>
										<CdOrPrtry>
											<Prtry>Prtry</Prtry>
										</CdOrPrtry>
										<Issr>Issr</Issr>
									</Tp>
									<Nb>Nb</Nb>
									<RltdDt>2021-01-22</RltdDt>
								</Id>
								<Id>
									<Tp>
										<CdOrPrtry>
											<Prtry>Prtry</Prtry>
										</CdOrPrtry>
										<Issr>Issr</Issr>
									</Tp>
									<Nb>Nb</Nb>
									<RltdDt>2021-01-22</RltdDt>
								</Id>
								<Desc>Desc</Desc>
								<Amt>
									<DuePyblAmt Ccy="USD">75000.63</DuePyblAmt>
									<DscntApldAmt>
										<Tp>
											<Cd>APDS</Cd>
										</Tp>
										<Amt Ccy="USD">75000.45</Amt>
									</DscntApldAmt>
									<CdtNoteAmt Ccy="EUR">75000.62</CdtNoteAmt>
									<TaxAmt>
										<Tp>
											<Cd>CITY</Cd>
										</Tp>
										<Amt Ccy="USD">96000.52</Amt>
									</TaxAmt>
									<AdjstmntAmtAndRsn>
										<Amt Ccy="USD">95000.34</Amt>
										<CdtDbtInd>CRDT</CdtDbtInd>
										<Rsn>Rsn</Rsn>
										<AddtlInf>AddtlInf</AddtlInf>
									</AdjstmntAmtAndRsn>
									<RmtdAmt Ccy="USD">616942033.12</RmtdAmt>
								</Amt>
							</LineDtls>
						</RfrdDocInf>
						<RfrdDocAmt>
							<DuePyblAmt Ccy="EUR">408630354.51</DuePyblAmt>
							<DscntApldAmt>
								<Tp>
									<Cd>APDS</Cd>
								</Tp>
								<Amt Ccy="EUR">934083723.27</Amt>
							</DscntApldAmt>
							<CdtNoteAmt Ccy="USD">937164741.63</CdtNoteAmt>
							<TaxAmt>
								<Tp>
									<Cd>CITY</Cd>
								</Tp>
								<Amt Ccy="USD">939535480.74</Amt>
							</TaxAmt>
							<AdjstmntAmtAndRsn>
								<Amt Ccy="EUR">801198637.88</Amt>
								<CdtDbtInd>DBIT</CdtDbtInd>
								<Rsn>Rsn</Rsn>
								<AddtlInf>AddtlInf</AddtlInf>
							</AdjstmntAmtAndRsn>
							<RmtdAmt Ccy="EUR">1891098461.58</RmtdAmt>
						</RfrdDocAmt>
						<CdtrRefInf>
							<Tp>
								<CdOrPrtry>
									<Cd>SCOR</Cd>
								</CdOrPrtry>
								<Issr>Issr</Issr>
							</Tp>
							<Ref>Ref</Ref>
						</CdtrRefInf>
						<Invcr>
							<Nm>Nm</Nm>
							<PstlAdr>
								<Dept>Dept</Dept>
								<SubDept>SubDept</SubDept>
								<StrtNm>StrtNm</StrtNm>
								<BldgNb>BldgNb</BldgNb>
								<BldgNm>BldgNm</BldgNm>
								<Flr>Flr</Flr>
								<PstBx>PstBx</PstBx>
								<Room>Room</Room>
								<PstCd>PstCd</PstCd>
								<TwnNm>TwnNm</TwnNm>
								<TwnLctnNm>TwnLctnNm</TwnLctnNm>
								<DstrctNm>DstrctNm</DstrctNm>
								<CtrySubDvsn>CtrySubDvsn</CtrySubDvsn>
								<Ctry>US</Ctry>
							</PstlAdr>
							<Id>
								<PrvtId>
									<DtAndPlcOfBirth>
										<BirthDt>2021-01-22</BirthDt>
										<PrvcOfBirth>PrvcOfBirth</PrvcOfBirth>
										<CityOfBirth>CityOfBirth</CityOfBirth>
										<CtryOfBirth>US</CtryOfBirth>
									</DtAndPlcOfBirth>
									<Othr>
										<Id>Id</Id>
										<SchmeNm>
											<Cd>ARNU</Cd>
										</SchmeNm>
										<Issr>Issr</Issr>
									</Othr>
									<Othr>
										<Id>Id</Id>
										<SchmeNm>
											<Cd>ARNU</Cd>
										</SchmeNm>
										<Issr>Issr</Issr>
									</Othr>
								</PrvtId>
							</Id>
							<CtryOfRes>US</CtryOfRes>
						</Invcr>
						<Invcee>
							<Nm>Nm</Nm>
							<PstlAdr>
								<Dept>Dept</Dept>
								<SubDept>SubDept</SubDept>
								<StrtNm>StrtNm</StrtNm>
								<BldgNb>BldgNb</BldgNb>
								<BldgNm>BldgNm</BldgNm>
								<Flr>Flr</Flr>
								<PstBx>PstBx</PstBx>
								<Room>Room</Room>
								<PstCd>PstCd</PstCd>
								<TwnNm>TwnNm</TwnNm>
								<TwnLctnNm>TwnLctnNm</TwnLctnNm>
								<DstrctNm>DstrctNm</DstrctNm>
								<CtrySubDvsn>CtrySubDvsn</CtrySubDvsn>
								<Ctry>US</Ctry>
							</PstlAdr>
							<Id>
								<OrgId>
									<AnyBIC>TESTCNVTXXX</AnyBIC>
									<Othr>
										<Id>Id</Id>
										<SchmeNm>
											<Cd>BANK</Cd>
										</SchmeNm>
										<Issr>Issr</Issr>
									</Othr>
								</OrgId>
							</Id>
							<CtryOfRes>US</CtryOfRes>
						</Invcee>
						<TaxRmt>
							<Cdtr>
								<TaxId>TaxId</TaxId>
								<RegnId>RegnId</RegnId>
								<TaxTp>TaxTp</TaxTp>
							</Cdtr>
							<Dbtr>
								<TaxId>TaxId</TaxId>
								<RegnId>RegnId</RegnId>
								<TaxTp>TaxTp</TaxTp>
								<Authstn>
									<Titl>Titl</Titl>
									<Nm>Nm</Nm>
								</Authstn>
							</Dbtr>
							<UltmtDbtr>
								<TaxId>TaxId</TaxId>
								<RegnId>RegnId</RegnId>
								<TaxTp>TaxTp</TaxTp>
								<Authstn>
									<Titl>Titl</Titl>
									<Nm>Nm</Nm>
								</Authstn>
							</UltmtDbtr>
							<AdmstnZone>AdmstnZone</AdmstnZone>
							<RefNb>RefNb</RefNb>
							<Mtd>Mtd</Mtd>
							<TtlTaxblBaseAmt Ccy="USD">1329148473.51</TtlTaxblBaseAmt>
							<TtlTaxAmt Ccy="EUR">1322082233.79</TtlTaxAmt>
							<Dt>2021-01-22</Dt>
							<SeqNb>647</SeqNb>
							<Rcrd>
								<Tp>Tp</Tp>
								<Ctgy>Ctgy</Ctgy>
								<CtgyDtls>CtgyDtls</CtgyDtls>
								<DbtrSts>DbtrSts</DbtrSts>
								<CertId>CertId</CertId>
								<FrmsCd>FrmsCd</FrmsCd>
								<Prd>
									<Yr>2021-01-22</Yr>
									<Tp>MM11</Tp>
									<FrToDt>
										<FrDt>2021-01-22</FrDt>
										<ToDt>2021-01-22</ToDt>
									</FrToDt>
								</Prd>
								<TaxAmt>
									<Rate>9.94670379</Rate>
									<TaxblBaseAmt Ccy="USD">236069475.47</TaxblBaseAmt>
									<TtlAmt Ccy="EUR">2005522310.36</TtlAmt>
									<Dtls>
										<Prd>
											<Yr>2021-01-22</Yr>
											<Tp>MM05</Tp>
											<FrToDt>
												<FrDt>2021-01-22</FrDt>
												<ToDt>2021-01-22</ToDt>
											</FrToDt>
										</Prd>
										<Amt Ccy="USD">971803825.83</Amt>
									</Dtls>
								</TaxAmt>
								<AddtlInf>AddtlInf</AddtlInf>
							</Rcrd>
							<Rcrd>
								<Tp>Tp</Tp>
								<Ctgy>Ctgy</Ctgy>
								<CtgyDtls>CtgyDtls</CtgyDtls>
								<DbtrSts>DbtrSts</DbtrSts>
								<CertId>CertId</CertId>
								<FrmsCd>FrmsCd</FrmsCd>
								<Prd>
									<Yr>2021-01-22</Yr>
									<Tp>QTR3</Tp>
									<FrToDt>
										<FrDt>2021-01-22</FrDt>
										<ToDt>2021-01-22</ToDt>
									</FrToDt>
								</Prd>
								<TaxAmt>
									<Rate>7.4</Rate>
									<TaxblBaseAmt Ccy="USD">1127596657.02</TaxblBaseAmt>
									<TtlAmt Ccy="USD">1386032527.53</TtlAmt>
									<Dtls>
										<Prd>
											<Yr>2021-01-22</Yr>
											<Tp>HLF2</Tp>
											<FrToDt>
												<FrDt>2021-01-22</FrDt>
												<ToDt>2021-01-22</ToDt>
											</FrToDt>
										</Prd>
										<Amt Ccy="USD">746982553.39</Amt>
									</Dtls>
								</TaxAmt>
								<AddtlInf>AddtlInf</AddtlInf>
							</Rcrd>
						</TaxRmt>
						<GrnshmtRmt>
							<Tp>
								<CdOrPrtry>
									<Prtry>Prtry</Prtry>
								</CdOrPrtry>
								<Issr>Issr</Issr>
							</Tp>
							<Grnshee>
								<Nm>Nm</Nm>
								<PstlAdr>
									<Dept>Dept</Dept>
									<SubDept>SubDept</SubDept>
									<StrtNm>StrtNm</StrtNm>
									<BldgNb>BldgNb</BldgNb>
									<BldgNm>BldgNm</BldgNm>
									<Flr>Flr</Flr>
									<PstBx>PstBx</PstBx>
									<Room>Room</Room>
									<PstCd>PstCd</PstCd>
									<TwnNm>TwnNm</TwnNm>
									<TwnLctnNm>TwnLctnNm</TwnLctnNm>
									<DstrctNm>DstrctNm</DstrctNm>
									<CtrySubDvsn>CtrySubDvsn</CtrySubDvsn>
									<Ctry>US</Ctry>
								</PstlAdr>
								<Id>
									<PrvtId>
										<DtAndPlcOfBirth>
											<BirthDt>2021-01-22</BirthDt>
											<PrvcOfBirth>PrvcOfBirth</PrvcOfBirth>
											<CityOfBirth>CityOfBirth</CityOfBirth>
											<CtryOfBirth>IN</CtryOfBirth>
										</DtAndPlcOfBirth>
										<Othr>
											<Id>Id</Id>
											<SchmeNm>
												<Cd>ARNU</Cd>
											</SchmeNm>
											<Issr>Issr</Issr>
										</Othr>
										<Othr>
											<Id>Id</Id>
											<SchmeNm>
												<Cd>ARNU</Cd>
											</SchmeNm>
											<Issr>Issr</Issr>
										</Othr>
									</PrvtId>
								</Id>
								<CtryOfRes>US</CtryOfRes>
							</Grnshee>
							<GrnshmtAdmstr>
								<Nm>Nm</Nm>
								<PstlAdr>
									<Dept>Dept</Dept>
									<SubDept>SubDept</SubDept>
									<StrtNm>StrtNm</StrtNm>
									<BldgNb>BldgNb</BldgNb>
									<BldgNm>BldgNm</BldgNm>
									<Flr>Flr</Flr>
									<PstBx>PstBx</PstBx>
									<Room>Room</Room>
									<PstCd>PstCd</PstCd>
									<TwnNm>TwnNm</TwnNm>
									<TwnLctnNm>TwnLctnNm</TwnLctnNm>
									<DstrctNm>DstrctNm</DstrctNm>
									<CtrySubDvsn>CtrySubDvsn</CtrySubDvsn>
									<Ctry>US</Ctry>
								</PstlAdr>
								<Id>
									<OrgId>
										<AnyBIC>TESTCNVTXXX</AnyBIC>
										<Othr>
											<Id>Id</Id>
											<SchmeNm>
												<Cd>BANK</Cd>
											</SchmeNm>
											<Issr>Issr</Issr>
										</Othr>
									</OrgId>
								</Id>
								<CtryOfRes>US</CtryOfRes>
							</GrnshmtAdmstr>
							<RefNb>RefNb</RefNb>
							<Dt>2021-01-22</Dt>
							<RmtdAmt Ccy="USD">1372040308.59</RmtdAmt>
							<FmlyMdclInsrncInd>false</FmlyMdclInsrncInd>
							<MplyeeTermntnInd>false</MplyeeTermntnInd>
						</GrnshmtRmt>
						<AddtlRmtInf>Value</AddtlRmtInf>
					</Strd>
				</RmtInf>
				<InstdAmt Ccy="EUR">95000.1</InstdAmt>
			</UndrlygCstmrCdtTrf>
		</CdtTrfTxInf>
	</FICdtTrf>
</Document>
