<?xml version="1.0" encoding="UTF-8"?>
<AppHdr xmlns="urn:iso:std:iso:20022:tech:xsd:head.001.001.02" xmlns:xsi="http://www.w3.org/2001/XMLSchema-instance">
	<Fr>
		<OrgId>
			<Id>
				<OrgId>
					<AnyBIC>PBBBDEFFXXX</AnyBIC>
				</OrgId>
			</Id>
		</OrgId>
	</Fr>
	<To>
		<OrgId>
			<Id>
				<OrgId>
					<AnyBIC>PBBBDEFFXXX</AnyBIC>
				</OrgId>
			</Id>
		</OrgId>
	</To>
	<BizMsgIdr>BizMsgId</BizMsgIdr>
	<MsgDefIdr>pacs.009.001.08</MsgDefIdr>
	<BizSvc>bot.bahtnet.01</BizSvc>
	<CreDt>2020-03-24T10:48:00+05:30</CreDt>
</AppHdr>
<Document xmlns="urn:iso:std:iso:20022:tech:xsd:pacs.009.001.08" xmlns:xsi="http://www.w3.org/2001/XMLSchema-instance">
	<FICdtTrf>
		<GrpHdr>
			<MsgId>NONREF</MsgId>
			<CreDtTm>2019-10-07T13:45:00+05:30</CreDtTm>
			<NbOfTxs>1</NbOfTxs>
			<SttlmInf>
				<SttlmMtd>CLRG</SttlmMtd>
				<ClrSys>
					<Cd>THB</Cd>
				</ClrSys>
			</SttlmInf>
		</GrpHdr>
		<CdtTrfTxInf>
			<PmtId>
				<InstrId>Inp009b028-InsId</InstrId>
				<EndToEndId>Inp008b028-E2EId</EndToEndId>
				<UETR>e008b028-59c5-41e9-be4c-d45102fc201e</UETR>
			</PmtId>
			<PmtTpInf>
				<CtgyPurp>
					<Prtry>QWq</Prtry>
				</CtgyPurp>
			</PmtTpInf>
			<IntrBkSttlmAmt Ccy="THB">61250.0</IntrBkSttlmAmt>
			<IntrBkSttlmDt>2019-10-07</IntrBkSttlmDt>
			<SttlmPrty>HIGH</SttlmPrty>
			<InstgAgt>
				<FinInstnId>
					<BICFI>PBBBDEFFXXX</BICFI>
				</FinInstnId>
			</InstgAgt>
			<InstdAgt>
				<FinInstnId>
					<BICFI>PBAADEFFAC2</BICFI>
				</FinInstnId>
			</InstdAgt>
			<Dbtr>
				<FinInstnId>
					<BICFI>PBBBDEFFXXX</BICFI>
				</FinInstnId>
			</Dbtr>
			<CdtrAgt>
				<FinInstnId>
					<BICFI>PBAADEFFAC2</BICFI>
				</FinInstnId>
			</CdtrAgt>
			<Cdtr>
				<FinInstnId>
					<BICFI>PBAADEFFAC2</BICFI>
				</FinInstnId>
			</Cdtr>
			<CdtrAcct>
				<Id>
					<Othr>
						<Id>Id</Id>
					</Othr>
				</Id>
				<Tp>
					<Prtry>Prtry</Prtry>
				</Tp>
			</CdtrAcct>
			<InstrForCdtrAgt>
				<Cd>TELB</Cd>
				<InstrInf>InstrInf</InstrInf>
			</InstrForCdtrAgt>
			<InstrForNxtAgt>
				<InstrInf>InstrInf</InstrInf>
			</InstrForNxtAgt>
			<Purp>
				<Cd>ACCT</Cd>
			</Purp>
			<RmtInf>
				<Ustrd>Ustrd</Ustrd>
			</RmtInf>
		</CdtTrfTxInf>
	</FICdtTrf>
</Document>
