<?xml version="1.0" encoding="UTF-8"?>
<AppHdr xmlns="urn:iso:std:iso:20022:tech:xsd:head.001.001.02" xmlns:xsi="http://www.w3.org/2001/XMLSchema-instance">
	<Fr>
		<FIId>
			<FinInstnId>
				<BICFI>TESTCONV</BICFI>
			</FinInstnId>
		</FIId>
	</Fr>
	<To>
		<FIId>
			<FinInstnId>
				<BICFI>TESTCNVTXXX</BICFI>
			</FinInstnId>
		</FIId>
	</To>
	<BizMsgIdr>BizMsgId</BizMsgIdr>
	<MsgDefIdr>pacs.002.001.10</MsgDefIdr>
	<BizSvc>sarb.samos.01</BizSvc>
	<MktPrctc>
		<Regy>Regy</Regy>
		<Id>Id</Id>
	</MktPrctc>
	<CreDt>2020-03-24T10:48:00+05:30</CreDt>
</AppHdr>
<Document xmlns="urn:iso:std:iso:20022:tech:xsd:pacs.002.001.10" xmlns:xsi="http://www.w3.org/2001/XMLSchema-instance">
	<FIToFIPmtStsRpt>
		<GrpHdr>
			<MsgId>123456789111I1234567</MsgId>
			<CreDtTm>2012-06-29T09:56:00+05:30</CreDtTm>
		</GrpHdr>
		<TxInfAndSts>
			<OrgnlGrpInf>
				<OrgnlMsgId>989709252878P6820568</OrgnlMsgId>
				<OrgnlMsgNmId>MsgNmId</OrgnlMsgNmId>
				<OrgnlCreDtTm>2012-06-29T09:56:00+05:30</OrgnlCreDtTm>
			</OrgnlGrpInf>
			<OrgnlInstrId>InstrId124</OrgnlInstrId>
			<OrgnlEndToEndId>EndToEndId</OrgnlEndToEndId>
			<OrgnlUETR>bd39aac4-bb66-4292-8d97-2d586e8a0470</OrgnlUETR>
			<TxSts>RJCT</TxSts>
			<StsRsnInf>
				<Orgtr>
					<Id>
						<OrgId>
							<AnyBIC>TESTCNVTXXX</AnyBIC>
						</OrgId>
					</Id>
				</Orgtr>
				<Rsn>
					<Cd>AC05</Cd>
				</Rsn>
			</StsRsnInf>
			<InstgAgt>
				<FinInstnId>
					<BICFI>TESTCONV</BICFI>
					<ClrSysMmbId>
						<ClrSysId>
							<Cd>USPID</Cd>
						</ClrSysId>
						<MmbId>3456</MmbId>
					</ClrSysMmbId>
				</FinInstnId>
			</InstgAgt>
			<InstdAgt>
				<FinInstnId>
					<BICFI>TESTCONV</BICFI>
					<ClrSysMmbId>
						<ClrSysId>
							<Cd>USPID</Cd>
						</ClrSysId>
						<MmbId>7684</MmbId>
					</ClrSysMmbId>
				</FinInstnId>
			</InstdAgt>
		</TxInfAndSts>
	</FIToFIPmtStsRpt>
</Document>
