<?xml version="1.0" encoding="UTF-8"?>
<AppHdr xmlns="urn:iso:std:iso:20022:tech:xsd:head.001.001.02" xmlns:xsi="http://www.w3.org/2001/XMLSchema-instance">
	<Fr>
		<FIId>
			<FinInstnId>
				<BICFI>TESTCNVTXXX</BICFI>
			</FinInstnId>
		</FIId>
	</Fr>
	<To>
		<FIId>
			<FinInstnId>
				<BICFI>TESTCNVTXXX</BICFI>
			</FinInstnId>
		</FIId>
	</To>
	<BizMsgIdr>BizMsgId</BizMsgIdr>
	<MsgDefIdr>pacs.004.001.09</MsgDefIdr>
	<BizSvc>sarb.samos.01</BizSvc>
	<MktPrctc>
		<Regy>Regy</Regy>
		<Id>Id</Id>
	</MktPrctc>
	<CreDt>2020-03-24T10:48:00+05:30</CreDt>
</AppHdr>
<Document xmlns="urn:iso:std:iso:20022:tech:xsd:pacs.004.001.09" xmlns:xsi="http://www.w3.org/2001/XMLSchema-instance">
	<PmtRtr>
		<GrpHdr>
			<MsgId>NONREF</MsgId>
			<CreDtTm>2019-10-07T13:45:00+05:30</CreDtTm>
			<NbOfTxs>1</NbOfTxs>
			<IntrBkSttlmDt>2019-10-07</IntrBkSttlmDt>
			<SttlmInf>
				<SttlmMtd>CLRG</SttlmMtd>
			</SttlmInf>
		</GrpHdr>
		<TxInf>
			<RtrId>RtrId</RtrId>
			<OrgnlGrpInf>
				<OrgnlMsgId>123456789012P1234567</OrgnlMsgId>
				<OrgnlMsgNmId>pacs.004.001.01</OrgnlMsgNmId>
				<OrgnlCreDtTm>2020-11-21T10:37:00+05:30</OrgnlCreDtTm>
			</OrgnlGrpInf>
			<OrgnlInstrId>OrgnlInstrId</OrgnlInstrId>
			<OrgnlEndToEndId>OrgnlEndToEndId</OrgnlEndToEndId>
			<OrgnlUETR>aaaaaaaa-aaaa-4aaa-8aaa-aaaaaaaaaaaa</OrgnlUETR>
			<OrgnlIntrBkSttlmAmt Ccy="EUR">10.0</OrgnlIntrBkSttlmAmt>
			<OrgnlIntrBkSttlmDt>2006-11-21</OrgnlIntrBkSttlmDt>
			<RtrdIntrBkSttlmAmt Ccy="CAD">10244.0</RtrdIntrBkSttlmAmt>
			<RtrdInstdAmt Ccy="EUR">100.0</RtrdInstdAmt>
			<XchgRate>8732.22</XchgRate>
			<ChrgBr>SHAR</ChrgBr>
			<ChrgsInf>
				<Amt Ccy="CAD">10074.0</Amt>
				<Agt>
					<FinInstnId>
						<BICFI>TESTCONV</BICFI>
						<ClrSysMmbId>
							<ClrSysId>
								<Cd>ATBLZ</Cd>
							</ClrSysId>
							<MmbId>26Gr9YcHJxnw</MmbId>
						</ClrSysMmbId>
						<LEI>ANTU6WO6YYAU94PEA133</LEI>
						<Nm>Nm</Nm>
						<PstlAdr>
							<Dept>Dept</Dept>
							<SubDept>SubDept</SubDept>
							<StrtNm>StrtNm</StrtNm>
							<BldgNb>BldgNb</BldgNb>
							<BldgNm>BldgNm</BldgNm>
							<Flr>Flr</Flr>
							<PstBx>PstBx</PstBx>
							<Room>Room</Room>
							<PstCd>PstCd</PstCd>
							<TwnNm>TwnNm</TwnNm>
							<TwnLctnNm>TwnLctnNm</TwnLctnNm>
							<DstrctNm>DstrctNm</DstrctNm>
							<CtrySubDvsn>CtrySubDvsn</CtrySubDvsn>
							<Ctry>US</Ctry>
						</PstlAdr>
					</FinInstnId>
				</Agt>
			</ChrgsInf>
			<InstgAgt>
				<FinInstnId>
					<BICFI>TESTCNVTXXX</BICFI>
					<ClrSysMmbId>
						<ClrSysId>
							<Cd>USPID</Cd>
						</ClrSysId>
						<MmbId>3456</MmbId>
					</ClrSysMmbId>
				</FinInstnId>
			</InstgAgt>
			<InstdAgt>
				<FinInstnId>
					<BICFI>TESTCNVTXXX</BICFI>
					<ClrSysMmbId>
						<ClrSysId>
							<Cd>USPID</Cd>
						</ClrSysId>
						<MmbId>7684</MmbId>
					</ClrSysMmbId>
				</FinInstnId>
			</InstdAgt>
			<RtrChain>
				<UltmtDbtr>
					<Pty>
						<Nm>Nm</Nm>
						<PstlAdr>
							<Dept>Dept</Dept>
							<SubDept>SubDept</SubDept>
							<StrtNm>StrtNm</StrtNm>
							<BldgNb>BldgNb</BldgNb>
							<BldgNm>BldgNm</BldgNm>
							<Flr>Flr</Flr>
							<PstBx>PstBx</PstBx>
							<Room>Room</Room>
							<PstCd>PstCd</PstCd>
							<TwnNm>TwnNm</TwnNm>
							<TwnLctnNm>TwnLctnNm</TwnLctnNm>
							<DstrctNm>DstrctNm</DstrctNm>
							<CtrySubDvsn>CtrySubDvsn</CtrySubDvsn>
							<Ctry>US</Ctry>
						</PstlAdr>
						<Id>
							<OrgId>
								<AnyBIC>TESTCONV123</AnyBIC>
								<LEI>LEIVALUE012345678933</LEI>
								<Othr>
									<Id>IF-21</Id>
									<SchmeNm>
										<Cd>BANK</Cd>
									</SchmeNm>
									<Issr>Issr</Issr>
								</Othr>
								<Othr>
									<Id>IF-21</Id>
									<SchmeNm>
										<Prtry>Prtry</Prtry>
									</SchmeNm>
									<Issr>Issr</Issr>
								</Othr>
							</OrgId>
						</Id>
						<CtryOfRes>US</CtryOfRes>
					</Pty>
				</UltmtDbtr>
				<Dbtr>
					<Agt>
					    <FinInstnId>
						    <BICFI>TESTCONV123</BICFI>
						</FinInstnId>
					</Agt>
				</Dbtr>
				<InitgPty>
					<Pty>
						<Nm>Nm</Nm>
						<PstlAdr>
							<Dept>Dept</Dept>
							<SubDept>SubDept</SubDept>
							<StrtNm>StrtNm</StrtNm>
							<BldgNb>BldgNb</BldgNb>
							<BldgNm>BldgNm</BldgNm>
							<Flr>Flr</Flr>
							<PstBx>PstBx</PstBx>
							<Room>Room</Room>
							<PstCd>PstCd</PstCd>
							<TwnNm>TwnNm</TwnNm>
							<TwnLctnNm>TwnLctnNm</TwnLctnNm>
							<DstrctNm>DstrctNm</DstrctNm>
							<CtrySubDvsn>CtrySubDvsn</CtrySubDvsn>
							<Ctry>US</Ctry>
						</PstlAdr>
						<Id>
							<OrgId>
								<AnyBIC>TESTCONV123</AnyBIC>
								<LEI>LEIVALUE012345678933</LEI>
								<Othr>
									<Id>IF-21</Id>
									<SchmeNm>
										<Cd>BANK</Cd>
									</SchmeNm>
									<Issr>Issr</Issr>
								</Othr>
								<Othr>
									<Id>IF-21</Id>
									<SchmeNm>
										<Prtry>Prtry</Prtry>
									</SchmeNm>
									<Issr>Issr</Issr>
								</Othr>
							</OrgId>
						</Id>
						<CtryOfRes>US</CtryOfRes>
					</Pty>
				</InitgPty>
				<DbtrAgt>
					<FinInstnId>
						<BICFI>TESTCONV</BICFI>
						<ClrSysMmbId>
							<ClrSysId>
								<Cd>ATBLZ</Cd>
							</ClrSysId>
							<MmbId>26Gr9YcHJxnw</MmbId>
						</ClrSysMmbId>
						<LEI>ANTU6WO6YYAU94PEA133</LEI>
						<Nm>Nm</Nm>
						<PstlAdr>
							<Dept>Dept</Dept>
							<SubDept>SubDept</SubDept>
							<StrtNm>StrtNm</StrtNm>
							<BldgNb>BldgNb</BldgNb>
							<BldgNm>BldgNm</BldgNm>
							<Flr>Flr</Flr>
							<PstBx>PstBx</PstBx>
							<Room>Room</Room>
							<PstCd>PstCd</PstCd>
							<TwnNm>TwnNm</TwnNm>
							<TwnLctnNm>TwnLctnNm</TwnLctnNm>
							<DstrctNm>DstrctNm</DstrctNm>
							<CtrySubDvsn>CtrySubDvsn</CtrySubDvsn>
							<Ctry>US</Ctry>
						</PstlAdr>
					</FinInstnId>
				</DbtrAgt>
				<PrvsInstgAgt1>
					<FinInstnId>
						<BICFI>TESTCONV</BICFI>
						<ClrSysMmbId>
							<ClrSysId>
								<Cd>ATBLZ</Cd>
							</ClrSysId>
							<MmbId>26Gr9YcHJxnw</MmbId>
						</ClrSysMmbId>
						<LEI>ANTU6WO6YYAU94PEA133</LEI>
						<Nm>Nm</Nm>
						<PstlAdr>
							<Dept>Dept</Dept>
							<SubDept>SubDept</SubDept>
							<StrtNm>StrtNm</StrtNm>
							<BldgNb>BldgNb</BldgNb>
							<BldgNm>BldgNm</BldgNm>
							<Flr>Flr</Flr>
							<PstBx>PstBx</PstBx>
							<Room>Room</Room>
							<PstCd>PstCd</PstCd>
							<TwnNm>TwnNm</TwnNm>
							<TwnLctnNm>TwnLctnNm</TwnLctnNm>
							<DstrctNm>DstrctNm</DstrctNm>
							<CtrySubDvsn>CtrySubDvsn</CtrySubDvsn>
							<Ctry>US</Ctry>
						</PstlAdr>
					</FinInstnId>
				</PrvsInstgAgt1>
				<PrvsInstgAgt2>
					<FinInstnId>
						<BICFI>TESTCONV</BICFI>
						<ClrSysMmbId>
							<ClrSysId>
								<Cd>ATBLZ</Cd>
							</ClrSysId>
							<MmbId>26Gr9YcHJxnw</MmbId>
						</ClrSysMmbId>
						<LEI>ANTU6WO6YYAU94PEA133</LEI>
						<Nm>Nm</Nm>
						<PstlAdr>
							<Dept>Dept</Dept>
							<SubDept>SubDept</SubDept>
							<StrtNm>StrtNm</StrtNm>
							<BldgNb>BldgNb</BldgNb>
							<BldgNm>BldgNm</BldgNm>
							<Flr>Flr</Flr>
							<PstBx>PstBx</PstBx>
							<Room>Room</Room>
							<PstCd>PstCd</PstCd>
							<TwnNm>TwnNm</TwnNm>
							<TwnLctnNm>TwnLctnNm</TwnLctnNm>
							<DstrctNm>DstrctNm</DstrctNm>
							<CtrySubDvsn>CtrySubDvsn</CtrySubDvsn>
							<Ctry>US</Ctry>
						</PstlAdr>
					</FinInstnId>
				</PrvsInstgAgt2>
				<PrvsInstgAgt3>
					<FinInstnId>
						<BICFI>TESTCONV</BICFI>
						<ClrSysMmbId>
							<ClrSysId>
								<Cd>ATBLZ</Cd>
							</ClrSysId>
							<MmbId>26Gr9YcHJxnw</MmbId>
						</ClrSysMmbId>
						<LEI>ANTU6WO6YYAU94PEA133</LEI>
						<Nm>Nm</Nm>
						<PstlAdr>
							<Dept>Dept</Dept>
							<SubDept>SubDept</SubDept>
							<StrtNm>StrtNm</StrtNm>
							<BldgNb>BldgNb</BldgNb>
							<BldgNm>BldgNm</BldgNm>
							<Flr>Flr</Flr>
							<PstBx>PstBx</PstBx>
							<Room>Room</Room>
							<PstCd>PstCd</PstCd>
							<TwnNm>TwnNm</TwnNm>
							<TwnLctnNm>TwnLctnNm</TwnLctnNm>
							<DstrctNm>DstrctNm</DstrctNm>
							<CtrySubDvsn>CtrySubDvsn</CtrySubDvsn>
							<Ctry>US</Ctry>
						</PstlAdr>
					</FinInstnId>
				</PrvsInstgAgt3>
				<IntrmyAgt1>
					<FinInstnId>
						<BICFI>TESTCONV</BICFI>
						<ClrSysMmbId>
							<ClrSysId>
								<Cd>ATBLZ</Cd>
							</ClrSysId>
							<MmbId>26Gr9YcHJxnw</MmbId>
						</ClrSysMmbId>
						<LEI>ANTU6WO6YYAU94PEA133</LEI>
						<Nm>Nm</Nm>
						<PstlAdr>
							<Dept>Dept</Dept>
							<SubDept>SubDept</SubDept>
							<StrtNm>StrtNm</StrtNm>
							<BldgNb>BldgNb</BldgNb>
							<BldgNm>BldgNm</BldgNm>
							<Flr>Flr</Flr>
							<PstBx>PstBx</PstBx>
							<Room>Room</Room>
							<PstCd>PstCd</PstCd>
							<TwnNm>TwnNm</TwnNm>
							<TwnLctnNm>TwnLctnNm</TwnLctnNm>
							<DstrctNm>DstrctNm</DstrctNm>
							<CtrySubDvsn>CtrySubDvsn</CtrySubDvsn>
							<Ctry>US</Ctry>
						</PstlAdr>
					</FinInstnId>
				</IntrmyAgt1>
				<IntrmyAgt2>
					<FinInstnId>
						<BICFI>TESTCONV</BICFI>
						<ClrSysMmbId>
							<ClrSysId>
								<Cd>ATBLZ</Cd>
							</ClrSysId>
							<MmbId>26Gr9YcHJxnw</MmbId>
						</ClrSysMmbId>
						<LEI>ANTU6WO6YYAU94PEA133</LEI>
						<Nm>Nm</Nm>
						<PstlAdr>
							<Dept>Dept</Dept>
							<SubDept>SubDept</SubDept>
							<StrtNm>StrtNm</StrtNm>
							<BldgNb>BldgNb</BldgNb>
							<BldgNm>BldgNm</BldgNm>
							<Flr>Flr</Flr>
							<PstBx>PstBx</PstBx>
							<Room>Room</Room>
							<PstCd>PstCd</PstCd>
							<TwnNm>TwnNm</TwnNm>
							<TwnLctnNm>TwnLctnNm</TwnLctnNm>
							<DstrctNm>DstrctNm</DstrctNm>
							<CtrySubDvsn>CtrySubDvsn</CtrySubDvsn>
							<Ctry>US</Ctry>
						</PstlAdr>
					</FinInstnId>
				</IntrmyAgt2>
				<IntrmyAgt3>
					<FinInstnId>
						<BICFI>TESTCONV</BICFI>
						<ClrSysMmbId>
							<ClrSysId>
								<Cd>ATBLZ</Cd>
							</ClrSysId>
							<MmbId>26Gr9YcHJxnw</MmbId>
						</ClrSysMmbId>
						<LEI>ANTU6WO6YYAU94PEA133</LEI>
						<Nm>Nm</Nm>
						<PstlAdr>
							<Dept>Dept</Dept>
							<SubDept>SubDept</SubDept>
							<StrtNm>StrtNm</StrtNm>
							<BldgNb>BldgNb</BldgNb>
							<BldgNm>BldgNm</BldgNm>
							<Flr>Flr</Flr>
							<PstBx>PstBx</PstBx>
							<Room>Room</Room>
							<PstCd>PstCd</PstCd>
							<TwnNm>TwnNm</TwnNm>
							<TwnLctnNm>TwnLctnNm</TwnLctnNm>
							<DstrctNm>DstrctNm</DstrctNm>
							<CtrySubDvsn>CtrySubDvsn</CtrySubDvsn>
							<Ctry>US</Ctry>
						</PstlAdr>
					</FinInstnId>
				</IntrmyAgt3>
				<CdtrAgt>
					<FinInstnId>
						<BICFI>TESTCONV</BICFI>
						<ClrSysMmbId>
							<ClrSysId>
								<Cd>ATBLZ</Cd>
							</ClrSysId>
							<MmbId>26Gr9YcHJxnw</MmbId>
						</ClrSysMmbId>
						<LEI>ANTU6WO6YYAU94PEA133</LEI>
						<Nm>Nm</Nm>
						<PstlAdr>
							<Dept>Dept</Dept>
							<SubDept>SubDept</SubDept>
							<StrtNm>StrtNm</StrtNm>
							<BldgNb>BldgNb</BldgNb>
							<BldgNm>BldgNm</BldgNm>
							<Flr>Flr</Flr>
							<PstBx>PstBx</PstBx>
							<Room>Room</Room>
							<PstCd>PstCd</PstCd>
							<TwnNm>TwnNm</TwnNm>
							<TwnLctnNm>TwnLctnNm</TwnLctnNm>
							<DstrctNm>DstrctNm</DstrctNm>
							<CtrySubDvsn>CtrySubDvsn</CtrySubDvsn>
							<Ctry>US</Ctry>
						</PstlAdr>
					</FinInstnId>
				</CdtrAgt>
				<Cdtr>
					<Agt>
					    <FinInstnId>
						    <BICFI>TESTCONV123</BICFI>
						</FinInstnId>
					</Agt>
				</Cdtr>
				<UltmtCdtr>
					<Pty>
						<Nm>Nm</Nm>
						<PstlAdr>
							<Dept>Dept</Dept>
							<SubDept>SubDept</SubDept>
							<StrtNm>StrtNm</StrtNm>
							<BldgNb>BldgNb</BldgNb>
							<BldgNm>BldgNm</BldgNm>
							<Flr>Flr</Flr>
							<PstBx>PstBx</PstBx>
							<Room>Room</Room>
							<PstCd>PstCd</PstCd>
							<TwnNm>TwnNm</TwnNm>
							<TwnLctnNm>TwnLctnNm</TwnLctnNm>
							<DstrctNm>DstrctNm</DstrctNm>
							<CtrySubDvsn>CtrySubDvsn</CtrySubDvsn>
							<Ctry>US</Ctry>
						</PstlAdr>
						<Id>
							<OrgId>
								<AnyBIC>TESTCONV123</AnyBIC>
								<LEI>LEIVALUE012345678933</LEI>
								<Othr>
									<Id>IF-21</Id>
									<SchmeNm>
										<Cd>BANK</Cd>
									</SchmeNm>
									<Issr>Issr</Issr>
								</Othr>
								<Othr>
									<Id>IF-21</Id>
									<SchmeNm>
										<Prtry>Prtry</Prtry>
									</SchmeNm>
									<Issr>Issr</Issr>
								</Othr>
							</OrgId>
						</Id>
						<CtryOfRes>US</CtryOfRes>
					</Pty>
				</UltmtCdtr>
			</RtrChain>
			<RtrRsnInf>
				<Rsn>
					<Cd>AC01</Cd>
				</Rsn>
				<AddtlInf>AddtlInf</AddtlInf>
			</RtrRsnInf>
			<OrgnlTxRef>
				<PmtTpInf>
					<SvcLvl>
						<Cd>BKTR</Cd>
					</SvcLvl>
				</PmtTpInf>
				<RmtInf>
					<Strd>
						<RfrdDocInf>
							<Tp>
								<CdOrPrtry>
									<Cd>MSIN</Cd>
								</CdOrPrtry>
								<Issr>Issr</Issr>
							</Tp>
							<Nb>09</Nb>
							<RltdDt>2012-06-29</RltdDt>
							<LineDtls>
								<Id>
									<Tp>
										<CdOrPrtry>
											<Cd>ADPI</Cd>
										</CdOrPrtry>
										<Issr>Issr</Issr>
									</Tp>
									<Nb>09</Nb>
									<RltdDt>2012-06-29</RltdDt>
								</Id>
								<Desc>Desc</Desc>
								<Amt>
									<DuePyblAmt Ccy="USD">10244.12</DuePyblAmt>
									<DscntApldAmt>
										<Tp>
											<Cd>APDS</Cd>
										</Tp>
										<Amt Ccy="USD">10244.12</Amt>
									</DscntApldAmt>
									<CdtNoteAmt Ccy="USD">10244.12</CdtNoteAmt>
									<TaxAmt>
										<Tp>
											<Cd>CITY</Cd>
										</Tp>
										<Amt Ccy="USD">10244.12</Amt>
									</TaxAmt>
									<AdjstmntAmtAndRsn>
										<Amt Ccy="USD">10244.12</Amt>
										<CdtDbtInd>CRDT</CdtDbtInd>
										<Rsn>Rsn</Rsn>
										<AddtlInf>AddtlInf</AddtlInf>
									</AdjstmntAmtAndRsn>
									<RmtdAmt Ccy="USD">10244.12</RmtdAmt>
								</Amt>
							</LineDtls>
						</RfrdDocInf>
						<RfrdDocAmt>
							<DuePyblAmt Ccy="USD">10244.12</DuePyblAmt>
							<DscntApldAmt>
								<Tp>
									<Cd>APDS</Cd>
								</Tp>
								<Amt Ccy="USD">10244.12</Amt>
							</DscntApldAmt>
							<CdtNoteAmt Ccy="USD">10244.12</CdtNoteAmt>
							<TaxAmt>
								<Tp>
									<Cd>CITY</Cd>
								</Tp>
								<Amt Ccy="USD">10244.12</Amt>
							</TaxAmt>
							<AdjstmntAmtAndRsn>
								<Amt Ccy="USD">10244.12</Amt>
								<CdtDbtInd>CRDT</CdtDbtInd>
								<Rsn>Rsn</Rsn>
								<AddtlInf>AddtlInf</AddtlInf>
							</AdjstmntAmtAndRsn>
							<RmtdAmt Ccy="USD">10244.12</RmtdAmt>
						</RfrdDocAmt>
						<CdtrRefInf>
							<Tp>
								<CdOrPrtry>
									<Cd>RADM</Cd>
								</CdOrPrtry>
								<Issr>Issr</Issr>
							</Tp>
							<Ref>Ref</Ref>
						</CdtrRefInf>
						<Invcr>
							<Nm>Name</Nm>
							<PstlAdr>
								<Dept>Dept</Dept>
								<SubDept>SubDept</SubDept>
								<StrtNm>StrtNm</StrtNm>
								<BldgNb>435</BldgNb>
								<BldgNm>BldgNm</BldgNm>
								<Flr>02</Flr>
								<PstBx>PstBx</PstBx>
								<Room>204</Room>
								<PstCd>627357</PstCd>
								<TwnNm>TwnNm</TwnNm>
								<TwnLctnNm>TwnLctnNm</TwnLctnNm>
								<DstrctNm>DstrctNm</DstrctNm>
								<CtrySubDvsn>CtrySubDvsn</CtrySubDvsn>
								<Ctry>US</Ctry>
							</PstlAdr>
							<Id>
								<OrgId>
									<AnyBIC>TESTCONV</AnyBIC>
									<LEI>M3C2CQUOSOTBNHLYU912</LEI>
									<Othr>
										<Id>Id</Id>
										<SchmeNm>
											<Cd>BANK</Cd>
										</SchmeNm>
										<Issr>Issr</Issr>
									</Othr>
									<Othr>
										<Id>Id</Id>
										<SchmeNm>
											<Prtry>Prtry</Prtry>
										</SchmeNm>
										<Issr>Issr</Issr>
									</Othr>
								</OrgId>
							</Id>
							<CtryOfRes>US</CtryOfRes>
						</Invcr>
						<Invcee>
							<Nm>Name</Nm>
							<PstlAdr>
								<Dept>Dept</Dept>
								<SubDept>SubDept</SubDept>
								<StrtNm>StrtNm</StrtNm>
								<BldgNb>435</BldgNb>
								<BldgNm>BldgNm</BldgNm>
								<Flr>02</Flr>
								<PstBx>PstBx</PstBx>
								<Room>204</Room>
								<PstCd>627357</PstCd>
								<TwnNm>TwnNm</TwnNm>
								<TwnLctnNm>TwnLctnNm</TwnLctnNm>
								<DstrctNm>DstrctNm</DstrctNm>
								<CtrySubDvsn>CtrySubDvsn</CtrySubDvsn>
								<Ctry>US</Ctry>
							</PstlAdr>
							<Id>
								<OrgId>
									<AnyBIC>TESTCONV</AnyBIC>
									<LEI>M3C2CQUOSOTBNHLYU912</LEI>
									<Othr>
										<Id>Id</Id>
										<SchmeNm>
											<Cd>BANK</Cd>
										</SchmeNm>
										<Issr>Issr</Issr>
									</Othr>
									<Othr>
										<Id>Id</Id>
										<SchmeNm>
											<Prtry>Prtry</Prtry>
										</SchmeNm>
										<Issr>Issr</Issr>
									</Othr>
								</OrgId>
							</Id>
							<CtryOfRes>US</CtryOfRes>
						</Invcee>
						<TaxRmt>
							<Cdtr>
								<TaxId>TaxId</TaxId>
								<RegnId>RegnId</RegnId>
								<TaxTp>TaxTp</TaxTp>
							</Cdtr>
							<Dbtr>
								<TaxId>TaxId</TaxId>
								<RegnId>RegnId</RegnId>
								<TaxTp>TaxTp</TaxTp>
								<Authstn>
									<Titl>Titl</Titl>
									<Nm>Nm</Nm>
								</Authstn>
							</Dbtr>
							<UltmtDbtr>
								<TaxId>TaxId</TaxId>
								<RegnId>RegnId</RegnId>
								<TaxTp>TaxTp</TaxTp>
								<Authstn>
									<Titl>Titl</Titl>
									<Nm>Nm</Nm>
								</Authstn>
							</UltmtDbtr>
							<AdmstnZone>AdmstnZone</AdmstnZone>
							<RefNb>003</RefNb>
							<Mtd>Mtd</Mtd>
							<TtlTaxblBaseAmt Ccy="USD">10244.12</TtlTaxblBaseAmt>
							<TtlTaxAmt Ccy="USD">10244.12</TtlTaxAmt>
							<Dt>2012-06-29</Dt>
							<SeqNb>8</SeqNb>
							<Rcrd>
								<Tp>Tp</Tp>
								<Ctgy>Ctgy</Ctgy>
								<CtgyDtls>CtgyDtls</CtgyDtls>
								<DbtrSts>DbtrSts</DbtrSts>
								<CertId>CertId</CertId>
								<FrmsCd>9</FrmsCd>
								<Prd>
									<Yr>2021-06-09</Yr>
									<Tp>HLF1</Tp>
									<FrToDt>
										<FrDt>2021-06-09</FrDt>
										<ToDt>2021-06-09</ToDt>
									</FrToDt>
								</Prd>
								<TaxAmt>
									<Rate>4.346</Rate>
									<TaxblBaseAmt Ccy="USD">958214311.96</TaxblBaseAmt>
									<TtlAmt Ccy="USD">1428785004.65</TtlAmt>
									<Dtls>
										<Prd>
											<Yr>2021-06-09</Yr>
											<Tp>MM03</Tp>
											<FrToDt>
												<FrDt>2021-06-09</FrDt>
												<ToDt>2021-06-09</ToDt>
											</FrToDt>
										</Prd>
										<Amt Ccy="USD">1266697237.1</Amt>
									</Dtls>
								</TaxAmt>
								<AddtlInf>AddtlInf</AddtlInf>
							</Rcrd>
						</TaxRmt>
						<GrnshmtRmt>
							<Tp>
								<CdOrPrtry>
									<Cd>GNCS</Cd>
								</CdOrPrtry>
								<Issr>Issr</Issr>
							</Tp>
							<Grnshee>
								<Nm>Nm</Nm>
								<PstlAdr>
									<Dept>Dept</Dept>
									<SubDept>SubDept</SubDept>
									<StrtNm>StrtNm</StrtNm>
									<BldgNb>09</BldgNb>
									<BldgNm>BldgNm</BldgNm>
									<Flr>02</Flr>
									<PstBx>PstBx</PstBx>
									<Room>981</Room>
									<PstCd>PstCd</PstCd>
									<TwnNm>TwnNm</TwnNm>
									<TwnLctnNm>TwnLctnNm</TwnLctnNm>
									<DstrctNm>DstrctNm</DstrctNm>
									<CtrySubDvsn>CtrySubDvsn</CtrySubDvsn>
									<Ctry>US</Ctry>
								</PstlAdr>
								<Id>
									<OrgId>
										<AnyBIC>TESTCONV</AnyBIC>
										<LEI>M3C2CQUOSOTBNHLYU912</LEI>
										<Othr>
											<Id>Id</Id>
											<SchmeNm>
												<Cd>BANK</Cd>
											</SchmeNm>
											<Issr>Issr</Issr>
										</Othr>
										<Othr>
											<Id>Id</Id>
											<SchmeNm>
												<Prtry>Prtry</Prtry>
											</SchmeNm>
											<Issr>Issr</Issr>
										</Othr>
									</OrgId>
								</Id>
								<CtryOfRes>US</CtryOfRes>
							</Grnshee>
							<GrnshmtAdmstr>
								<Nm>Nm</Nm>
								<PstlAdr>
									<Dept>Dept</Dept>
									<SubDept>SubDept</SubDept>
									<StrtNm>StrtNm</StrtNm>
									<BldgNb>09</BldgNb>
									<BldgNm>BldgNm</BldgNm>
									<Flr>02</Flr>
									<PstBx>PstBx</PstBx>
									<Room>981</Room>
									<PstCd>PstCd</PstCd>
									<TwnNm>TwnNm</TwnNm>
									<TwnLctnNm>TwnLctnNm</TwnLctnNm>
									<DstrctNm>DstrctNm</DstrctNm>
									<CtrySubDvsn>CtrySubDvsn</CtrySubDvsn>
									<Ctry>US</Ctry>
								</PstlAdr>
								<Id>
									<OrgId>
										<AnyBIC>TESTCONV</AnyBIC>
										<LEI>M3C2CQUOSOTBNHLYU912</LEI>
										<Othr>
											<Id>Id</Id>
											<SchmeNm>
												<Cd>BANK</Cd>
											</SchmeNm>
											<Issr>Issr</Issr>
										</Othr>
										<Othr>
											<Id>Id</Id>
											<SchmeNm>
												<Prtry>Prtry</Prtry>
											</SchmeNm>
											<Issr>Issr</Issr>
										</Othr>
									</OrgId>
								</Id>
								<CtryOfRes>US</CtryOfRes>
							</GrnshmtAdmstr>
							<RefNb>RefNb</RefNb>
							<Dt>2021-06-09</Dt>
							<RmtdAmt Ccy="USD">605280329.05</RmtdAmt>
							<FmlyMdclInsrncInd>true</FmlyMdclInsrncInd>
							<MplyeeTermntnInd>false</MplyeeTermntnInd>
						</GrnshmtRmt>
						<AddtlRmtInf>AddtlRmtInf</AddtlRmtInf>
					</Strd>
				</RmtInf>
				<UltmtDbtr>
					<Pty>
						<Nm>Nm</Nm>
						<PstlAdr>
							<Dept>Dept</Dept>
							<SubDept>SubDept</SubDept>
							<StrtNm>StrtNm</StrtNm>
							<BldgNb>09</BldgNb>
							<BldgNm>BldgNm</BldgNm>
							<Flr>02</Flr>
							<PstBx>PstBx</PstBx>
							<Room>981</Room>
							<PstCd>PstCd</PstCd>
							<TwnNm>TwnNm</TwnNm>
							<TwnLctnNm>TwnLctnNm</TwnLctnNm>
							<DstrctNm>DstrctNm</DstrctNm>
							<CtrySubDvsn>CtrySubDvsn</CtrySubDvsn>
							<Ctry>US</Ctry>
						</PstlAdr>
						<Id>
							<OrgId>
								<AnyBIC>TESTCNVT</AnyBIC>
								<LEI>M3C2CQUOSOTBNHLYU912</LEI>
								<Othr>
									<Id>Id</Id>
									<SchmeNm>
										<Cd>BANK</Cd>
									</SchmeNm>
									<Issr>Issr</Issr>
								</Othr>
								<Othr>
									<Id>Id</Id>
									<SchmeNm>
										<Prtry>Prtry</Prtry>
									</SchmeNm>
									<Issr>Issr</Issr>
								</Othr>
							</OrgId>
						</Id>
						<CtryOfRes>US</CtryOfRes>
					</Pty>
				</UltmtDbtr>
				<Dbtr>
					<Pty>
						<Nm>Nm</Nm>
						<PstlAdr>
							<Dept>Dept</Dept>
							<SubDept>SubDept</SubDept>
							<StrtNm>StrtNm</StrtNm>
							<BldgNb>09</BldgNb>
							<BldgNm>BldgNm</BldgNm>
							<Flr>02</Flr>
							<PstBx>PstBx</PstBx>
							<Room>981</Room>
							<PstCd>PstCd</PstCd>
							<TwnNm>TwnNm</TwnNm>
							<TwnLctnNm>TwnLctnNm</TwnLctnNm>
							<DstrctNm>DstrctNm</DstrctNm>
							<CtrySubDvsn>CtrySubDvsn</CtrySubDvsn>
							<Ctry>US</Ctry>
						</PstlAdr>
						<Id>
							<OrgId>
								<LEI>M3C2CQUOSOTBNHLYU912</LEI>
								<Othr>
									<Id>Id</Id>
									<SchmeNm>
										<Cd>BANK</Cd>
									</SchmeNm>
									<Issr>Issr</Issr>
								</Othr>
							</OrgId>
						</Id>
						<CtryOfRes>US</CtryOfRes>
					</Pty>
				</Dbtr>
				<DbtrAcct>
					<Id>
						<IBAN>AL47212110090000000235698741</IBAN>
					</Id>
					<Tp>
						<Cd>MGLD</Cd>
					</Tp>
					<Ccy>USD</Ccy>
					<Nm>Name</Nm>
					<Prxy>
						<Tp>
							<Cd>TELE</Cd>
						</Tp>
						<Id>Id</Id>
					</Prxy>
				</DbtrAcct>
				<DbtrAgt>
					<FinInstnId>
						<BICFI>TESTCONV</BICFI>
						<ClrSysMmbId>
							<ClrSysId>
								<Cd>ATBLZ</Cd>
							</ClrSysId>
							<MmbId>MmbId123</MmbId>
						</ClrSysMmbId>
						<LEI>M3C2CQUOSOTBNHLYU912</LEI>
						<Nm>Nm</Nm>
						<PstlAdr>
							<Dept>Dept</Dept>
							<SubDept>SubDept</SubDept>
							<StrtNm>StrtNm</StrtNm>
							<BldgNb>435</BldgNb>
							<BldgNm>BldgNm</BldgNm>
							<Flr>02</Flr>
							<PstBx>PstBx</PstBx>
							<Room>204</Room>
							<PstCd>600139</PstCd>
							<TwnNm>TwnNm</TwnNm>
							<TwnLctnNm>TwnLctnNm</TwnLctnNm>
							<DstrctNm>DstrctNm</DstrctNm>
							<CtrySubDvsn>CtrySubDvsn</CtrySubDvsn>
							<Ctry>US</Ctry>
						</PstlAdr>
					</FinInstnId>
				</DbtrAgt>
				<DbtrAgtAcct>
					<Id>
						<IBAN>AL47212110090000000235698741</IBAN>
					</Id>
					<Tp>
						<Cd>MGLD</Cd>
					</Tp>
					<Ccy>USD</Ccy>
					<Nm>Name</Nm>
					<Prxy>
						<Tp>
							<Cd>TELE</Cd>
						</Tp>
						<Id>Id</Id>
					</Prxy>
				</DbtrAgtAcct>
				<CdtrAgt>
					<FinInstnId>
						<BICFI>TESTCONV</BICFI>
						<ClrSysMmbId>
							<ClrSysId>
								<Cd>ATBLZ</Cd>
							</ClrSysId>
							<MmbId>MmbId123</MmbId>
						</ClrSysMmbId>
						<LEI>M3C2CQUOSOTBNHLYU912</LEI>
						<Nm>Nm</Nm>
						<PstlAdr>
							<Dept>Dept</Dept>
							<SubDept>SubDept</SubDept>
							<StrtNm>StrtNm</StrtNm>
							<BldgNb>435</BldgNb>
							<BldgNm>BldgNm</BldgNm>
							<Flr>02</Flr>
							<PstBx>PstBx</PstBx>
							<Room>204</Room>
							<PstCd>600139</PstCd>
							<TwnNm>TwnNm</TwnNm>
							<TwnLctnNm>TwnLctnNm</TwnLctnNm>
							<DstrctNm>DstrctNm</DstrctNm>
							<CtrySubDvsn>CtrySubDvsn</CtrySubDvsn>
							<Ctry>US</Ctry>
						</PstlAdr>
					</FinInstnId>
					<BrnchId>
						<Id>ID67</Id>
					</BrnchId>
				</CdtrAgt>
				<CdtrAgtAcct>
					<Id>
						<IBAN>AL47212110090000000235698741</IBAN>
					</Id>
					<Tp>
						<Cd>MGLD</Cd>
					</Tp>
					<Ccy>USD</Ccy>
					<Nm>Name</Nm>
					<Prxy>
						<Tp>
							<Cd>TELE</Cd>
						</Tp>
						<Id>Id</Id>
					</Prxy>
				</CdtrAgtAcct>
				<Cdtr>
					<Pty>
						<Nm>Nm</Nm>
						<PstlAdr>
							<Dept>Dept</Dept>
							<SubDept>SubDept</SubDept>
							<StrtNm>StrtNm</StrtNm>
							<BldgNb>09</BldgNb>
							<BldgNm>BldgNm</BldgNm>
							<Flr>02</Flr>
							<PstBx>PstBx</PstBx>
							<Room>981</Room>
							<PstCd>PstCd</PstCd>
							<TwnNm>TwnNm</TwnNm>
							<TwnLctnNm>TwnLctnNm</TwnLctnNm>
							<DstrctNm>DstrctNm</DstrctNm>
							<CtrySubDvsn>CtrySubDvsn</CtrySubDvsn>
							<Ctry>US</Ctry>
						</PstlAdr>
						<Id>
							<OrgId>
								<AnyBIC>TESTCNVT</AnyBIC>
								<LEI>M3C2CQUOSOTBNHLYU912</LEI>
								<Othr>
									<Id>Id</Id>
									<SchmeNm>
										<Cd>BANK</Cd>
									</SchmeNm>
									<Issr>Issr</Issr>
								</Othr>
								<Othr>
									<Id>Id</Id>
									<SchmeNm>
										<Prtry>Prtry</Prtry>
									</SchmeNm>
									<Issr>Issr</Issr>
								</Othr>
							</OrgId>
						</Id>
						<CtryOfRes>US</CtryOfRes>
					</Pty>
				</Cdtr>
				<CdtrAcct>
					<Id>
						<IBAN>AL47212110090000000235698741</IBAN>
					</Id>
					<Tp>
						<Cd>MGLD</Cd>
					</Tp>
					<Ccy>USD</Ccy>
					<Nm>Name</Nm>
					<Prxy>
						<Tp>
							<Cd>TELE</Cd>
						</Tp>
						<Id>Id</Id>
					</Prxy>
				</CdtrAcct>
				<UltmtCdtr>
					<Pty>
						<Nm>Nm</Nm>
						<PstlAdr>
							<Dept>Dept</Dept>
							<SubDept>SubDept</SubDept>
							<StrtNm>StrtNm</StrtNm>
							<BldgNb>09</BldgNb>
							<BldgNm>BldgNm</BldgNm>
							<Flr>02</Flr>
							<PstBx>PstBx</PstBx>
							<Room>981</Room>
							<PstCd>PstCd</PstCd>
							<TwnNm>TwnNm</TwnNm>
							<TwnLctnNm>TwnLctnNm</TwnLctnNm>
							<DstrctNm>DstrctNm</DstrctNm>
							<CtrySubDvsn>CtrySubDvsn</CtrySubDvsn>
							<Ctry>US</Ctry>
						</PstlAdr>
						<Id>
							<OrgId>
								<AnyBIC>TESTCNVT</AnyBIC>
								<LEI>M3C2CQUOSOTBNHLYU912</LEI>
								<Othr>
									<Id>Id</Id>
									<SchmeNm>
										<Cd>BANK</Cd>
									</SchmeNm>
									<Issr>Issr</Issr>
								</Othr>
								<Othr>
									<Id>Id</Id>
									<SchmeNm>
										<Prtry>Prtry</Prtry>
									</SchmeNm>
									<Issr>Issr</Issr>
								</Othr>
							</OrgId>
						</Id>
						<CtryOfRes>US</CtryOfRes>
					</Pty>
				</UltmtCdtr>
				<Purp>
					<Cd>assd</Cd>
				</Purp>
			</OrgnlTxRef>
		</TxInf>
	</PmtRtr>
</Document>
