<?xml version="1.0" encoding="UTF-8"?>
<AppHdr xmlns="urn:iso:std:iso:20022:tech:xsd:head.001.001.02" xmlns:xsi="http://www.w3.org/2001/XMLSchema-instance">
	<Fr>
		<FIId>
			<FinInstnId>
				<BICFI>TESTCNVTXXX</BICFI>
			</FinInstnId>
		</FIId>
	</Fr>
	<To>
		<FIId>
			<FinInstnId>
				<BICFI>TESTCNVTXXX</BICFI>
			</FinInstnId>
		</FIId>
	</To>
	<BizMsgIdr>BizMsgId</BizMsgIdr>
	<MsgDefIdr>pacs.009.001.08</MsgDefIdr>
	<BizSvc>sarb.samos.cov.01</BizSvc>
	<MktPrctc>
		<Regy>Regy</Regy>
		<Id>Id</Id>
	</MktPrctc>
	<CreDt>2020-03-24T10:48:00+05:30</CreDt>
</AppHdr>
<Document xmlns="urn:iso:std:iso:20022:tech:xsd:pacs.009.001.08" xmlns:xsi="http://www.w3.org/2001/XMLSchema-instance">
	<FICdtTrf>
		<GrpHdr>
			<MsgId>NONREF</MsgId>
			<CreDtTm>2019-10-07T13:45:00+05:30</CreDtTm>
			<NbOfTxs>1</NbOfTxs>
			<IntrBkSttlmDt>2019-10-07</IntrBkSttlmDt>
			<SttlmInf>
				<SttlmMtd>CLRG</SttlmMtd>				
			</SttlmInf>
		</GrpHdr>
		<CdtTrfTxInf>
			<PmtId>
				<InstrId>Inp009b028-InsId</InstrId>
				<EndToEndId>Inp008b028-E2EId</EndToEndId>
				<UETR>e008b028-59c5-41e9-be4c-d45102fc201e</UETR>
			</PmtId>
			<IntrBkSttlmAmt Ccy="GBP">61250.0</IntrBkSttlmAmt>
			<IntrBkSttlmDt>2019-10-07</IntrBkSttlmDt>
			<InstgAgt>
				<FinInstnId>
					<BICFI>PBBBDEFFXXX</BICFI>
				</FinInstnId>
			</InstgAgt>
			<InstdAgt>
				<FinInstnId>
					<BICFI>TESTCNVTXXX</BICFI>
				</FinInstnId>
			</InstdAgt>
			<Dbtr>
				<FinInstnId>
					<BICFI>PBBBDEFFXXX</BICFI>
				</FinInstnId>
			</Dbtr>
			<Cdtr>
				<FinInstnId>
					<BICFI>PBAADEFFAC2</BICFI>
				</FinInstnId>
			</Cdtr>
			<UndrlygCstmrCdtTrf>
				<UltmtDbtr>
					<Nm>Nm</Nm>
					<PstlAdr>
						<Dept>Dept</Dept>
						<SubDept>SubDept</SubDept>
						<StrtNm>StrtNm</StrtNm>
						<BldgNb>BldgNb</BldgNb>
						<BldgNm>BldgNm</BldgNm>
						<Flr>Flr</Flr>
						<PstBx>PstBx</PstBx>
						<Room>Room</Room>
						<PstCd>PstCd</PstCd>
						<TwnNm>TwnNm</TwnNm>
						<TwnLctnNm>TwnLctnNm</TwnLctnNm>
						<DstrctNm>DstrctNm</DstrctNm>
						<CtrySubDvsn>CtrySubDvsn</CtrySubDvsn>
						<Ctry>US</Ctry>
					</PstlAdr>
					<Id>
						<OrgId>
							<AnyBIC>TESTCNVTXXX</AnyBIC>
							<Othr>
								<Id>Id</Id>
								<SchmeNm>
									<Cd>BANK</Cd>
								</SchmeNm>
								<Issr>Issr</Issr>
							</Othr>
						</OrgId>
					</Id>
					<CtryOfRes>US</CtryOfRes>
				</UltmtDbtr>
				<InitgPty>
					<Nm>Nm</Nm>
					<PstlAdr>
						<Dept>Dept</Dept>
						<SubDept>SubDept</SubDept>
						<StrtNm>StrtNm</StrtNm>
						<BldgNb>BldgNb</BldgNb>
						<BldgNm>BldgNm</BldgNm>
						<Flr>Flr</Flr>
						<PstBx>PstBx</PstBx>
						<Room>Room</Room>
						<PstCd>PstCd</PstCd>
						<TwnNm>TwnNm</TwnNm>
						<TwnLctnNm>TwnLctnNm</TwnLctnNm>
						<DstrctNm>DstrctNm</DstrctNm>
						<CtrySubDvsn>CtrySubDvsn</CtrySubDvsn>
						<Ctry>US</Ctry>
					</PstlAdr>
					<Id>
						<OrgId>
							<AnyBIC>OYOBDT6D</AnyBIC>
							<Othr>
								<Id>Id</Id>
								<SchmeNm>
									<Cd>BANK</Cd>
								</SchmeNm>
								<Issr>Issr</Issr>
							</Othr>
						</OrgId>
					</Id>
					<CtryOfRes>US</CtryOfRes>
				</InitgPty>
				<Dbtr>
					<Nm>Nm</Nm>
					<PstlAdr>
						<Dept>Dept</Dept>
						<SubDept>SubDept</SubDept>
						<StrtNm>StrtNm</StrtNm>
						<BldgNb>BldgNb</BldgNb>
						<BldgNm>BldgNm</BldgNm>
						<Flr>Flr</Flr>
						<PstBx>PstBx</PstBx>
						<Room>Room</Room>
						<PstCd>PstCd</PstCd>
						<TwnNm>TwnNm</TwnNm>
						<TwnLctnNm>TwnLctnNm</TwnLctnNm>
						<DstrctNm>DstrctNm</DstrctNm>
						<CtrySubDvsn>CtrySubDvsn</CtrySubDvsn>
						<Ctry>US</Ctry>
					</PstlAdr>
					<Id>
						<OrgId>
							<AnyBIC>TESTCNVTXXX</AnyBIC>
							<Othr>
								<Id>Id</Id>
								<SchmeNm>
									<Cd>BANK</Cd>
								</SchmeNm>
								<Issr>Issr</Issr>
							</Othr>
						</OrgId>
					</Id>
					<CtryOfRes>US</CtryOfRes>
				</Dbtr>
				<DbtrAcct>
					<Id>
						<Othr>
							<Id>Id</Id>
							<SchmeNm>
								<Cd>AIIN</Cd>
							</SchmeNm>
							<Issr>Issr</Issr>
						</Othr>
					</Id>
					<Tp>
						<Prtry>Prtry</Prtry>
					</Tp>
					<Ccy>USD</Ccy>
					<Nm>Nm</Nm>
					<Prxy>
						<Tp>
							<Prtry>Prtry</Prtry>
						</Tp>
						<Id>Id</Id>
					</Prxy>
				</DbtrAcct>
				<DbtrAgt>
					<FinInstnId>
						<BICFI>TESTCNVT</BICFI>
						<ClrSysMmbId>
							<ClrSysId>
								<Cd>ATBLZ</Cd>
							</ClrSysId>
							<MmbId>MmbId</MmbId>
						</ClrSysMmbId>
						<LEI>ANTU6WO6YYAU94PEA133</LEI>
						<Nm>Nm</Nm>
						<PstlAdr>
							<Dept>Dept</Dept>
							<SubDept>SubDept</SubDept>
							<StrtNm>StrtNm</StrtNm>
							<BldgNb>BldgNb</BldgNb>
							<BldgNm>BldgNm</BldgNm>
							<Flr>Flr</Flr>
							<PstBx>PstBx</PstBx>
							<Room>Room</Room>
							<PstCd>PstCd</PstCd>
							<TwnNm>TwnNm</TwnNm>
							<TwnLctnNm>TwnLctnNm</TwnLctnNm>
							<DstrctNm>DstrctNm</DstrctNm>
							<CtrySubDvsn>CtrySubDvsn</CtrySubDvsn>
							<Ctry>US</Ctry>
						</PstlAdr>
					</FinInstnId>
				</DbtrAgt>
				<DbtrAgtAcct>
					<Id>
						<Othr>
							<Id>Id</Id>
							<SchmeNm>
								<Cd>AIIN</Cd>
							</SchmeNm>
							<Issr>Issr</Issr>
						</Othr>
					</Id>
					<Tp>
						<Prtry>Prtry</Prtry>
					</Tp>
					<Ccy>USD</Ccy>
					<Nm>Nm</Nm>
					<Prxy>
						<Tp>
							<Prtry>Prtry</Prtry>
						</Tp>
						<Id>Id</Id>
					</Prxy>
				</DbtrAgtAcct>
				<PrvsInstgAgt1>
					<FinInstnId>
						<BICFI>TESTCNVTXXX</BICFI>
						<ClrSysMmbId>
							<ClrSysId>
								<Cd>ATBLZ</Cd>
							</ClrSysId>
							<MmbId>MmbId</MmbId>
						</ClrSysMmbId>
						<LEI>WUC338H9X6CANN78QL28</LEI>
						<Nm>Nm</Nm>
						<PstlAdr>
							<Dept>Dept</Dept>
							<SubDept>SubDept</SubDept>
							<StrtNm>StrtNm</StrtNm>
							<BldgNb>BldgNb</BldgNb>
							<BldgNm>BldgNm</BldgNm>
							<Flr>Flr</Flr>
							<PstBx>PstBx</PstBx>
							<Room>Room</Room>
							<PstCd>PstCd</PstCd>
							<TwnNm>TwnNm</TwnNm>
							<TwnLctnNm>TwnLctnNm</TwnLctnNm>
							<DstrctNm>DstrctNm</DstrctNm>
							<CtrySubDvsn>CtrySubDvsn</CtrySubDvsn>
							<Ctry>US</Ctry>
						</PstlAdr>
					</FinInstnId>
				</PrvsInstgAgt1>
				<PrvsInstgAgt1Acct>
					<Id>
						<Othr>
							<Id>Id</Id>
							<SchmeNm>
								<Cd>AIIN</Cd>
							</SchmeNm>
							<Issr>Issr</Issr>
						</Othr>
					</Id>
					<Tp>
						<Prtry>Prtry</Prtry>
					</Tp>
					<Ccy>USD</Ccy>
					<Nm>Nm</Nm>
					<Prxy>
						<Tp>
							<Prtry>Prtry</Prtry>
						</Tp>
						<Id>Id</Id>
					</Prxy>
				</PrvsInstgAgt1Acct>
				<PrvsInstgAgt2>
					<FinInstnId>
						<BICFI>TESTCNVT</BICFI>
						<ClrSysMmbId>
							<ClrSysId>
								<Cd>ATBLZ</Cd>
							</ClrSysId>
							<MmbId>MmbId</MmbId>
						</ClrSysMmbId>
						<LEI>ANTU6WO6YYAU94PEA133</LEI>
						<Nm>Nm</Nm>
						<PstlAdr>
							<Dept>Dept</Dept>
							<SubDept>SubDept</SubDept>
							<StrtNm>StrtNm</StrtNm>
							<BldgNb>BldgNb</BldgNb>
							<BldgNm>BldgNm</BldgNm>
							<Flr>Flr</Flr>
							<PstBx>PstBx</PstBx>
							<Room>Room</Room>
							<PstCd>PstCd</PstCd>
							<TwnNm>TwnNm</TwnNm>
							<TwnLctnNm>TwnLctnNm</TwnLctnNm>
							<DstrctNm>DstrctNm</DstrctNm>
							<CtrySubDvsn>CtrySubDvsn</CtrySubDvsn>
							<Ctry>US</Ctry>
						</PstlAdr>
					</FinInstnId>
				</PrvsInstgAgt2>
				<PrvsInstgAgt2Acct>
					<Id>
						<Othr>
							<Id>Id</Id>
							<SchmeNm>
								<Cd>AIIN</Cd>
							</SchmeNm>
							<Issr>Issr</Issr>
						</Othr>
					</Id>
					<Tp>
						<Prtry>Prtry</Prtry>
					</Tp>
					<Ccy>USD</Ccy>
					<Nm>Nm</Nm>
					<Prxy>
						<Tp>
							<Prtry>Prtry</Prtry>
						</Tp>
						<Id>Id</Id>
					</Prxy>
				</PrvsInstgAgt2Acct>
				<PrvsInstgAgt3>
					<FinInstnId>
						<BICFI>TESTCNVT</BICFI>
						<ClrSysMmbId>
							<ClrSysId>
								<Cd>ATBLZ</Cd>
							</ClrSysId>
							<MmbId>MmbId</MmbId>
						</ClrSysMmbId>
						<LEI>ANTU6WO6YYAU94PEA133</LEI>
						<Nm>Nm</Nm>
						<PstlAdr>
							<Dept>Dept</Dept>
							<SubDept>SubDept</SubDept>
							<StrtNm>StrtNm</StrtNm>
							<BldgNb>BldgNb</BldgNb>
							<BldgNm>BldgNm</BldgNm>
							<Flr>Flr</Flr>
							<PstBx>PstBx</PstBx>
							<Room>Room</Room>
							<PstCd>PstCd</PstCd>
							<TwnNm>TwnNm</TwnNm>
							<TwnLctnNm>TwnLctnNm</TwnLctnNm>
							<DstrctNm>DstrctNm</DstrctNm>
							<CtrySubDvsn>CtrySubDvsn</CtrySubDvsn>
							<Ctry>US</Ctry>
						</PstlAdr>
					</FinInstnId>
				</PrvsInstgAgt3>
				<PrvsInstgAgt3Acct>
					<Id>
						<Othr>
							<Id>Id</Id>
							<SchmeNm>
								<Cd>AIIN</Cd>
							</SchmeNm>
							<Issr>Issr</Issr>
						</Othr>
					</Id>
					<Tp>
						<Prtry>Prtry</Prtry>
					</Tp>
					<Ccy>USD</Ccy>
					<Nm>Nm</Nm>
					<Prxy>
						<Tp>
							<Prtry>Prtry</Prtry>
						</Tp>
						<Id>Id</Id>
					</Prxy>
				</PrvsInstgAgt3Acct>
				<CdtrAgt>
					<FinInstnId>
						<BICFI>TESTCNVT</BICFI>
						<ClrSysMmbId>
							<ClrSysId>
								<Cd>ATBLZ</Cd>
							</ClrSysId>
							<MmbId>MmbId</MmbId>
						</ClrSysMmbId>
						<LEI>ANTU6WO6YYAU94PEA133</LEI>
						<Nm>Nm</Nm>
						<PstlAdr>
							<Dept>Dept</Dept>
							<SubDept>SubDept</SubDept>
							<StrtNm>StrtNm</StrtNm>
							<BldgNb>BldgNb</BldgNb>
							<BldgNm>BldgNm</BldgNm>
							<Flr>Flr</Flr>
							<PstBx>PstBx</PstBx>
							<Room>Room</Room>
							<PstCd>PstCd</PstCd>
							<TwnNm>TwnNm</TwnNm>
							<TwnLctnNm>TwnLctnNm</TwnLctnNm>
							<DstrctNm>DstrctNm</DstrctNm>
							<CtrySubDvsn>CtrySubDvsn</CtrySubDvsn>
							<Ctry>US</Ctry>
						</PstlAdr>
					</FinInstnId>
				</CdtrAgt>
				<CdtrAgtAcct>
					<Id>
						<Othr>
							<Id>Id</Id>
							<SchmeNm>
								<Cd>AIIN</Cd>
							</SchmeNm>
							<Issr>Issr</Issr>
						</Othr>
					</Id>
					<Tp>
						<Prtry>Prtry</Prtry>
					</Tp>
					<Ccy>USD</Ccy>
					<Nm>Nm</Nm>
					<Prxy>
						<Tp>
							<Prtry>Prtry</Prtry>
						</Tp>
						<Id>Id</Id>
					</Prxy>
				</CdtrAgtAcct>
				<Cdtr>
					<Nm>Nm</Nm>
					<PstlAdr>
						<Dept>Dept</Dept>
						<SubDept>SubDept</SubDept>
						<StrtNm>StrtNm</StrtNm>
						<BldgNb>BldgNb</BldgNb>
						<BldgNm>BldgNm</BldgNm>
						<Flr>Flr</Flr>
						<PstBx>PstBx</PstBx>
						<Room>Room</Room>
						<PstCd>PstCd</PstCd>
						<TwnNm>TwnNm</TwnNm>
						<TwnLctnNm>TwnLctnNm</TwnLctnNm>
						<DstrctNm>DstrctNm</DstrctNm>
						<CtrySubDvsn>CtrySubDvsn</CtrySubDvsn>
						<Ctry>US</Ctry>
					</PstlAdr>
					<Id>
						<OrgId>
							<AnyBIC>TESTCNVTXXX</AnyBIC>
							<Othr>
								<Id>Id</Id>
								<SchmeNm>
									<Cd>BANK</Cd>
								</SchmeNm>
								<Issr>Issr</Issr>
							</Othr>
						</OrgId>
					</Id>
					<CtryOfRes>US</CtryOfRes>
				</Cdtr>
				<CdtrAcct>
					<Id>
						<Othr>
							<Id>Id</Id>
							<SchmeNm>
								<Cd>AIIN</Cd>
							</SchmeNm>
							<Issr>Issr</Issr>
						</Othr>
					</Id>
					<Tp>
						<Prtry>Prtry</Prtry>
					</Tp>
					<Ccy>USD</Ccy>
					<Nm>Nm</Nm>
					<Prxy>
						<Tp>
							<Prtry>Prtry</Prtry>
						</Tp>
						<Id>Id</Id>
					</Prxy>
				</CdtrAcct>
				<UltmtCdtr>
					<Nm>Nm</Nm>
					<PstlAdr>
						<Dept>Dept</Dept>
						<SubDept>SubDept</SubDept>
						<StrtNm>StrtNm</StrtNm>
						<BldgNb>BldgNb</BldgNb>
						<BldgNm>BldgNm</BldgNm>
						<Flr>Flr</Flr>
						<PstBx>PstBx</PstBx>
						<Room>Room</Room>
						<PstCd>PstCd</PstCd>
						<TwnNm>TwnNm</TwnNm>
						<TwnLctnNm>TwnLctnNm</TwnLctnNm>
						<DstrctNm>DstrctNm</DstrctNm>
						<CtrySubDvsn>CtrySubDvsn</CtrySubDvsn>
						<Ctry>US</Ctry>
					</PstlAdr>
					<Id>
						<OrgId>
							<AnyBIC>TESTCNVTXXX</AnyBIC>
							<Othr>
								<Id>Id</Id>
								<SchmeNm>
									<Cd>BANK</Cd>
								</SchmeNm>
								<Issr>Issr</Issr>
							</Othr>
						</OrgId>
					</Id>
					<CtryOfRes>US</CtryOfRes>
				</UltmtCdtr>
				<InstrForCdtrAgt>
					<InstrInf>InstrInf</InstrInf>
				</InstrForCdtrAgt>
				<InstrForNxtAgt>
					<InstrInf>InstrInf</InstrInf>
				</InstrForNxtAgt>
				<RmtInf>
					<Ustrd>Ustrd</Ustrd>
				</RmtInf>
				<InstdAmt Ccy="EUR">95000.1</InstdAmt>
			</UndrlygCstmrCdtTrf>
		</CdtTrfTxInf>
	</FICdtTrf>
</Document>
