<?xml version="1.0" encoding="UTF-8"?>
<AppHdr xmlns="urn:iso:std:iso:20022:tech:xsd:head.001.001.02" xmlns:xsi="http://www.w3.org/2001/XMLSchema-instance">
	<Fr>
		<FIId>
			<FinInstnId>
				<BICFI>TESTCNVTXXX</BICFI>
			</FinInstnId>
		</FIId>
	</Fr>
	<To>
		<FIId>
			<FinInstnId>
				<BICFI>TESTCNVTXXX</BICFI>
			</FinInstnId>
		</FIId>
	</To>
	<BizMsgIdr>BizMsgId</BizMsgIdr>
	<MsgDefIdr>pacs.009.001.08</MsgDefIdr>
	<BizSvc>sarb.samos.01</BizSvc>
	<MktPrctc>
		<Regy>Regy</Regy>
		<Id>Id</Id>
	</MktPrctc>
	<CreDt>2020-03-24T10:48:00+05:30</CreDt>
</AppHdr>
<Document xmlns="urn:iso:std:iso:20022:tech:xsd:pacs.009.001.08" xmlns:xsi="http://www.w3.org/2001/XMLSchema-instance">
	<FICdtTrf>
		<GrpHdr>
			<MsgId>NONREF</MsgId>
			<CreDtTm>2019-10-07T13:45:00+05:30</CreDtTm>
			<NbOfTxs>1</NbOfTxs>
			<IntrBkSttlmDt>2019-10-07</IntrBkSttlmDt>
			<SttlmInf>
				<SttlmMtd>CLRG</SttlmMtd>
			</SttlmInf>
		</GrpHdr>
		<CdtTrfTxInf>
			<PmtId>
				<InstrId>BBBB/060928</InstrId>
				<EndToEndId>BBBB/060928-CCT1</EndToEndId>
				<UETR>abcdefed-eddd-4edd-8edd-abcdefacdeac</UETR>
			</PmtId>
			<PmtTpInf>
				<SvcLvl>
					<Cd>BKTR</Cd>
				</SvcLvl>
				<LclInstrm>
					<Prtry>Prt</Prtry>
				</LclInstrm>
				<CtgyPurp>
					<Cd>CASH</Cd>
				</CtgyPurp>
			</PmtTpInf>
			<IntrBkSttlmAmt Ccy="GBP">10000000</IntrBkSttlmAmt>
			<IntrBkSttlmDt>2006-09-29</IntrBkSttlmDt>
			<PrvsInstgAgt1>
				<FinInstnId>
					<BICFI>TESTCNVTXXX</BICFI>
					<ClrSysMmbId>
						<ClrSysId>
							<Cd>ATBLZ</Cd>
						</ClrSysId>
						<MmbId>MmbId</MmbId>
					</ClrSysMmbId>
					<LEI>WUC338H9X6CANN78QL28</LEI>
					<Nm>Nm</Nm>
					<PstlAdr>
						<Dept>Dept</Dept>
						<SubDept>SubDept</SubDept>
						<StrtNm>StrtNm</StrtNm>
						<BldgNb>BldgNb</BldgNb>
						<BldgNm>BldgNm</BldgNm>
						<Flr>Flr</Flr>
						<PstBx>PstBx</PstBx>
						<Room>Room</Room>
						<PstCd>PstCd</PstCd>
						<TwnNm>TwnNm</TwnNm>
						<TwnLctnNm>TwnLctnNm</TwnLctnNm>
						<DstrctNm>DstrctNm</DstrctNm>
						<CtrySubDvsn>CtrySubDvsn</CtrySubDvsn>
						<Ctry>US</Ctry>
					</PstlAdr>
				</FinInstnId>
			</PrvsInstgAgt1>
			<PrvsInstgAgt1Acct>
				<Id>
					<Othr>
						<Id>Id</Id>
						<SchmeNm>
							<Cd>AIIN</Cd>
						</SchmeNm>
						<Issr>Issr</Issr>
					</Othr>
				</Id>
				<Tp>
					<Prtry>Prtry</Prtry>
				</Tp>
				<Ccy>USD</Ccy>
				<Nm>Nm</Nm>
				<Prxy>
					<Tp>
						<Prtry>Prtry</Prtry>
					</Tp>
					<Id>Id</Id>
				</Prxy>
			</PrvsInstgAgt1Acct>
			<PrvsInstgAgt2>
				<FinInstnId>
					<BICFI>TESTCNVT</BICFI>
					<ClrSysMmbId>
						<ClrSysId>
							<Cd>ATBLZ</Cd>
						</ClrSysId>
						<MmbId>MmbId</MmbId>
					</ClrSysMmbId>
					<LEI>ANTU6WO6YYAU94PEA133</LEI>
					<Nm>Nm</Nm>
					<PstlAdr>
						<Dept>Dept</Dept>
						<SubDept>SubDept</SubDept>
						<StrtNm>StrtNm</StrtNm>
						<BldgNb>BldgNb</BldgNb>
						<BldgNm>BldgNm</BldgNm>
						<Flr>Flr</Flr>
						<PstBx>PstBx</PstBx>
						<Room>Room</Room>
						<PstCd>PstCd</PstCd>
						<TwnNm>TwnNm</TwnNm>
						<TwnLctnNm>TwnLctnNm</TwnLctnNm>
						<DstrctNm>DstrctNm</DstrctNm>
						<CtrySubDvsn>CtrySubDvsn</CtrySubDvsn>
						<Ctry>US</Ctry>
					</PstlAdr>
				</FinInstnId>
			</PrvsInstgAgt2>
			<PrvsInstgAgt2Acct>
				<Id>
					<Othr>
						<Id>Id</Id>
						<SchmeNm>
							<Cd>AIIN</Cd>
						</SchmeNm>
						<Issr>Issr</Issr>
					</Othr>
				</Id>
				<Tp>
					<Prtry>Prtry</Prtry>
				</Tp>
				<Ccy>USD</Ccy>
				<Nm>Nm</Nm>
				<Prxy>
					<Tp>
						<Prtry>Prtry</Prtry>
					</Tp>
					<Id>Id</Id>
				</Prxy>
			</PrvsInstgAgt2Acct>
			<PrvsInstgAgt3>
				<FinInstnId>
					<BICFI>TESTCNVT</BICFI>
					<ClrSysMmbId>
						<ClrSysId>
							<Cd>ATBLZ</Cd>
						</ClrSysId>
						<MmbId>MmbId</MmbId>
					</ClrSysMmbId>
					<LEI>ANTU6WO6YYAU94PEA133</LEI>
					<Nm>Nm</Nm>
					<PstlAdr>
						<Dept>Dept</Dept>
						<SubDept>SubDept</SubDept>
						<StrtNm>StrtNm</StrtNm>
						<BldgNb>BldgNb</BldgNb>
						<BldgNm>BldgNm</BldgNm>
						<Flr>Flr</Flr>
						<PstBx>PstBx</PstBx>
						<Room>Room</Room>
						<PstCd>PstCd</PstCd>
						<TwnNm>TwnNm</TwnNm>
						<TwnLctnNm>TwnLctnNm</TwnLctnNm>
						<DstrctNm>DstrctNm</DstrctNm>
						<CtrySubDvsn>CtrySubDvsn</CtrySubDvsn>
						<Ctry>US</Ctry>
					</PstlAdr>
				</FinInstnId>
			</PrvsInstgAgt3>
			<PrvsInstgAgt3Acct>
				<Id>
					<Othr>
						<Id>Id</Id>
						<SchmeNm>
							<Cd>AIIN</Cd>
						</SchmeNm>
						<Issr>Issr</Issr>
					</Othr>
				</Id>
				<Tp>
					<Prtry>Prtry</Prtry>
				</Tp>
				<Ccy>USD</Ccy>
				<Nm>Nm</Nm>
				<Prxy>
					<Tp>
						<Prtry>Prtry</Prtry>
					</Tp>
					<Id>Id</Id>
				</Prxy>
			</PrvsInstgAgt3Acct>
			<InstgAgt>
				<FinInstnId>
					<BICFI>TESTCNVTXXX</BICFI>
				</FinInstnId>
			</InstgAgt>
			<InstdAgt>
				<FinInstnId>
					<BICFI>TESTCNVTXXX</BICFI>
				</FinInstnId>
			</InstdAgt>
			<IntrmyAgt1>
				<FinInstnId>
					<BICFI>TESTCNVT</BICFI>
					<ClrSysMmbId>
						<ClrSysId>
							<Cd>ATBLZ</Cd>
						</ClrSysId>
						<MmbId>MmbId</MmbId>
					</ClrSysMmbId>
					<LEI>ANTU6WO6YYAU94PEA133</LEI>
					<Nm>Nm</Nm>
					<PstlAdr>
						<Dept>Dept</Dept>
						<SubDept>SubDept</SubDept>
						<StrtNm>StrtNm</StrtNm>
						<BldgNb>BldgNb</BldgNb>
						<BldgNm>BldgNm</BldgNm>
						<Flr>Flr</Flr>
						<PstBx>PstBx</PstBx>
						<Room>Room</Room>
						<PstCd>PstCd</PstCd>
						<TwnNm>TwnNm</TwnNm>
						<TwnLctnNm>TwnLctnNm</TwnLctnNm>
						<DstrctNm>DstrctNm</DstrctNm>
						<CtrySubDvsn>CtrySubDvsn</CtrySubDvsn>
						<Ctry>US</Ctry>
					</PstlAdr>
				</FinInstnId>
			</IntrmyAgt1>
			<IntrmyAgt1Acct>
				<Id>
					<Othr>
						<Id>Id</Id>
						<SchmeNm>
							<Cd>AIIN</Cd>
						</SchmeNm>
						<Issr>Issr</Issr>
					</Othr>
				</Id>
				<Tp>
					<Prtry>Prtry</Prtry>
				</Tp>
				<Ccy>USD</Ccy>
				<Nm>Nm</Nm>
				<Prxy>
					<Tp>
						<Prtry>Prtry</Prtry>
					</Tp>
					<Id>Id</Id>
				</Prxy>
			</IntrmyAgt1Acct>
			<IntrmyAgt2>
				<FinInstnId>
					<BICFI>TESTCNVT</BICFI>
					<ClrSysMmbId>
						<ClrSysId>
							<Cd>ATBLZ</Cd>
						</ClrSysId>
						<MmbId>MmbId</MmbId>
					</ClrSysMmbId>
					<LEI>ANTU6WO6YYAU94PEA133</LEI>
					<Nm>Nm</Nm>
					<PstlAdr>
						<Dept>Dept</Dept>
						<SubDept>SubDept</SubDept>
						<StrtNm>StrtNm</StrtNm>
						<BldgNb>BldgNb</BldgNb>
						<BldgNm>BldgNm</BldgNm>
						<Flr>Flr</Flr>
						<PstBx>PstBx</PstBx>
						<Room>Room</Room>
						<PstCd>PstCd</PstCd>
						<TwnNm>TwnNm</TwnNm>
						<TwnLctnNm>TwnLctnNm</TwnLctnNm>
						<DstrctNm>DstrctNm</DstrctNm>
						<CtrySubDvsn>CtrySubDvsn</CtrySubDvsn>
						<Ctry>US</Ctry>
					</PstlAdr>
				</FinInstnId>
			</IntrmyAgt2>
			<IntrmyAgt2Acct>
				<Id>
					<Othr>
						<Id>Id</Id>
						<SchmeNm>
							<Cd>AIIN</Cd>
						</SchmeNm>
						<Issr>Issr</Issr>
					</Othr>
				</Id>
				<Tp>
					<Prtry>Prtry</Prtry>
				</Tp>
				<Ccy>USD</Ccy>
				<Nm>Nm</Nm>
				<Prxy>
					<Tp>
						<Prtry>Prtry</Prtry>
					</Tp>
					<Id>Id</Id>
				</Prxy>
			</IntrmyAgt2Acct>
			<IntrmyAgt3>
				<FinInstnId>
					<BICFI>TESTCNVT</BICFI>
					<ClrSysMmbId>
						<ClrSysId>
							<Cd>ATBLZ</Cd>
						</ClrSysId>
						<MmbId>MmbId</MmbId>
					</ClrSysMmbId>
					<LEI>ANTU6WO6YYAU94PEA133</LEI>
					<Nm>Nm</Nm>
					<PstlAdr>
						<Dept>Dept</Dept>
						<SubDept>SubDept</SubDept>
						<StrtNm>StrtNm</StrtNm>
						<BldgNb>BldgNb</BldgNb>
						<BldgNm>BldgNm</BldgNm>
						<Flr>Flr</Flr>
						<PstBx>PstBx</PstBx>
						<Room>Room</Room>
						<PstCd>PstCd</PstCd>
						<TwnNm>TwnNm</TwnNm>
						<TwnLctnNm>TwnLctnNm</TwnLctnNm>
						<DstrctNm>DstrctNm</DstrctNm>
						<CtrySubDvsn>CtrySubDvsn</CtrySubDvsn>
						<Ctry>US</Ctry>
					</PstlAdr>
				</FinInstnId>
			</IntrmyAgt3>
			<IntrmyAgt3Acct>
				<Id>
					<Othr>
						<Id>Id</Id>
						<SchmeNm>
							<Cd>AIIN</Cd>
						</SchmeNm>
						<Issr>Issr</Issr>
					</Othr>
				</Id>
				<Tp>
					<Prtry>Prtry</Prtry>
				</Tp>
				<Ccy>USD</Ccy>
				<Nm>Nm</Nm>
				<Prxy>
					<Tp>
						<Prtry>Prtry</Prtry>
					</Tp>
					<Id>Id</Id>
				</Prxy>
			</IntrmyAgt3Acct>
			<Dbtr>
				<FinInstnId>
					<BICFI>TESTCNVT</BICFI>
					<ClrSysMmbId>
						<ClrSysId>
							<Cd>ATBLZ</Cd>
						</ClrSysId>
						<MmbId>MmbId</MmbId>
					</ClrSysMmbId>
					<LEI>ANTU6WO6YYAU94PEA133</LEI>
					<Nm>Nm</Nm>
					<PstlAdr>
						<Dept>Dept</Dept>
						<SubDept>SubDept</SubDept>
						<StrtNm>StrtNm</StrtNm>
						<BldgNb>BldgNb</BldgNb>
						<BldgNm>BldgNm</BldgNm>
						<Flr>Flr</Flr>
						<PstBx>PstBx</PstBx>
						<Room>Room</Room>
						<PstCd>PstCd</PstCd>
						<TwnNm>TwnNm</TwnNm>
						<TwnLctnNm>TwnLctnNm</TwnLctnNm>
						<DstrctNm>DstrctNm</DstrctNm>
						<CtrySubDvsn>CtrySubDvsn</CtrySubDvsn>
						<Ctry>US</Ctry>
					</PstlAdr>
				</FinInstnId>
			</Dbtr>
			<DbtrAcct>
				<Id>
					<Othr>
						<Id>Id</Id>
					</Othr>
				</Id>
				<Tp>
					<Prtry>Prtry</Prtry>
				</Tp>
			</DbtrAcct>
			<DbtrAgt>
				<FinInstnId>
					<BICFI>TESTCNVT</BICFI>
					<ClrSysMmbId>
						<ClrSysId>
							<Cd>ATBLZ</Cd>
						</ClrSysId>
						<MmbId>MmbId</MmbId>
					</ClrSysMmbId>
					<LEI>ANTU6WO6YYAU94PEA133</LEI>
					<Nm>Nm</Nm>
					<PstlAdr>
						<Dept>Dept</Dept>
						<SubDept>SubDept</SubDept>
						<StrtNm>StrtNm</StrtNm>
						<BldgNb>BldgNb</BldgNb>
						<BldgNm>BldgNm</BldgNm>
						<Flr>Flr</Flr>
						<PstBx>PstBx</PstBx>
						<Room>Room</Room>
						<PstCd>PstCd</PstCd>
						<TwnNm>TwnNm</TwnNm>
						<TwnLctnNm>TwnLctnNm</TwnLctnNm>
						<DstrctNm>DstrctNm</DstrctNm>
						<CtrySubDvsn>CtrySubDvsn</CtrySubDvsn>
						<Ctry>US</Ctry>
					</PstlAdr>
				</FinInstnId>
			</DbtrAgt>
			<DbtrAgtAcct>
				<Id>
					<Othr>
						<Id>Id</Id>
						<SchmeNm>
							<Cd>AIIN</Cd>
						</SchmeNm>
						<Issr>Issr</Issr>
					</Othr>
				</Id>
				<Tp>
					<Prtry>Prtry</Prtry>
				</Tp>
			</DbtrAgtAcct>
			<CdtrAgt>
				<FinInstnId>
					<BICFI>TESTCNVT</BICFI>
					<ClrSysMmbId>
						<ClrSysId>
							<Cd>ATBLZ</Cd>
						</ClrSysId>
						<MmbId>MmbId</MmbId>
					</ClrSysMmbId>
					<LEI>ANTU6WO6YYAU94PEA133</LEI>
					<Nm>Nm</Nm>
					<PstlAdr>
						<Dept>Dept</Dept>
						<SubDept>SubDept</SubDept>
						<StrtNm>StrtNm</StrtNm>
						<BldgNb>BldgNb</BldgNb>
						<BldgNm>BldgNm</BldgNm>
						<Flr>Flr</Flr>
						<PstBx>PstBx</PstBx>
						<Room>Room</Room>
						<PstCd>PstCd</PstCd>
						<TwnNm>TwnNm</TwnNm>
						<TwnLctnNm>TwnLctnNm</TwnLctnNm>
						<DstrctNm>DstrctNm</DstrctNm>
						<CtrySubDvsn>CtrySubDvsn</CtrySubDvsn>
						<Ctry>US</Ctry>
					</PstlAdr>
				</FinInstnId>
			</CdtrAgt>
			<CdtrAgtAcct>
				<Id>
					<Othr>
						<Id>Id</Id>
					</Othr>
				</Id>
				<Tp>
					<Prtry>Prtry</Prtry>
				</Tp>
			</CdtrAgtAcct>
			<Cdtr>
				<FinInstnId>
					<BICFI>TESTCNVT</BICFI>
					<LEI>ANTU6WO6YYAU94PEA133</LEI>
					<Nm>Nm</Nm>
					<PstlAdr>
						<Dept>Dept</Dept>
						<SubDept>SubDept</SubDept>
						<StrtNm>StrtNm</StrtNm>
						<BldgNb>BldgNb</BldgNb>
						<BldgNm>BldgNm</BldgNm>
						<Flr>Flr</Flr>
						<PstBx>PstBx</PstBx>
						<Room>Room</Room>
						<PstCd>PstCd</PstCd>
						<TwnNm>TwnNm</TwnNm>
						<TwnLctnNm>TwnLctnNm</TwnLctnNm>
						<DstrctNm>DstrctNm</DstrctNm>
						<CtrySubDvsn>CtrySubDvsn</CtrySubDvsn>
						<Ctry>US</Ctry>
					</PstlAdr>
				</FinInstnId>
			</Cdtr>
			<CdtrAcct>
				<Id>
					<Othr>
						<Id>Id</Id>
					</Othr>
				</Id>
				<Tp>
					<Prtry>Prtry</Prtry>
				</Tp>
			</CdtrAcct>
			<InstrForCdtrAgt>
				<Cd>TELB</Cd>
				<InstrInf>InstrInf</InstrInf>
			</InstrForCdtrAgt>
			<InstrForNxtAgt>
				<InstrInf>InstrInf</InstrInf>
			</InstrForNxtAgt>
			<Purp>
				<Cd>ACCT</Cd>
			</Purp>
			<RmtInf>
				<Ustrd>Ustrd</Ustrd>
			</RmtInf>
		</CdtTrfTxInf>
	</FICdtTrf>
</Document>
