<?xml version="1.0" encoding="UTF-8"?>
<AppHdr xmlns="urn:iso:std:iso:20022:tech:xsd:head.001.001.02" xmlns:xsi="http://www.w3.org/2001/XMLSchema-instance">
	<Fr>
		<FIId>
			<FinInstnId>
				<BICFI>TESTCNVTXXX</BICFI>
			</FinInstnId>
		</FIId>
	</Fr>
	<To>
		<FIId>
			<FinInstnId>
				<BICFI>TESTCNVTXXX</BICFI>
			</FinInstnId>
		</FIId>
	</To>
	<BizMsgIdr>BizMsgId</BizMsgIdr>
	<MsgDefIdr>pacs.008.001.08</MsgDefIdr>
	<BizSvc>sarb.samos.01</BizSvc>
	<MktPrctc>
		<Regy>Regy</Regy>
		<Id>Id</Id>
	</MktPrctc>
	<CreDt>2020-03-24T10:48:00+05:30</CreDt>
</AppHdr>
<Document xmlns="urn:iso:std:iso:20022:tech:xsd:pacs.008.001.08" xmlns:xsi="http://www.w3.org/2001/XMLSchema-instance">
	<FIToFICstmrCdtTrf>
		<GrpHdr>
			<MsgId>NONREF</MsgId>
			<CreDtTm>2019-10-07T13:45:00+05:30</CreDtTm>
			<NbOfTxs>1</NbOfTxs>
			<IntrBkSttlmDt>2019-10-07</IntrBkSttlmDt>
			<SttlmInf>
				<SttlmMtd>CLRG</SttlmMtd>
			</SttlmInf>
		</GrpHdr>
		<CdtTrfTxInf>
			<PmtId>
				<InstrId>IBCP-BOPI0510-01</InstrId>
				<EndToEndId>IBCP-BOPI0510-01</EndToEndId>
				<UETR>ada45c79-0bd1-44da-b39b-4b1fe192a35c</UETR>
			</PmtId>
			<PmtTpInf>
				<SvcLvl>
					<Cd>BKTR</Cd>
				</SvcLvl>
				<CtgyPurp>
					<Cd>QWE</Cd>
				</CtgyPurp>
			</PmtTpInf>
			<IntrBkSttlmAmt Ccy="THB">4657.58</IntrBkSttlmAmt>
			<IntrBkSttlmDt>2019-07-18</IntrBkSttlmDt>
			<InstdAmt Ccy="THB">27644.11</InstdAmt>
			<ChrgBr>DEBT</ChrgBr>
			<ChrgsInf>
				<Amt Ccy="EUR">46.12</Amt>
				<Agt>
					<FinInstnId>
						<BICFI>TESTCONVXXX</BICFI>
					</FinInstnId>
				</Agt>
			</ChrgsInf>
			<PrvsInstgAgt1>
				<FinInstnId>
					<BICFI>WFBIUS6SXXX</BICFI>
					<ClrSysMmbId>
						<ClrSysId>
							<Cd>AUBSB</Cd>
						</ClrSysId>
						<MmbId>MmbId-Must(':')Be/?-?+?-?/28</MmbId>
					</ClrSysMmbId>
					<LEI>VALUEFORLEI12345NO11</LEI>
				</FinInstnId>
			</PrvsInstgAgt1>
			<PrvsInstgAgt1Acct>
				<Id>
					<IBAN>AE260211000000230064016</IBAN>
				</Id>
				<Tp>
					<Cd>CARD</Cd>
				</Tp>
				<Ccy>USD</Ccy>
				<Prxy>
					<Tp>
						<Cd>TELE</Cd>
					</Tp>
					<Id>OthrId4(':')Must(':')Be/?-?+?-?/351</Id>
				</Prxy>
			</PrvsInstgAgt1Acct>
			<PrvsInstgAgt2>
				<FinInstnId>
					<BICFI>WFBIUS6SYYY</BICFI>
					<ClrSysMmbId>
						<ClrSysId>
							<Cd>AUBSB</Cd>
						</ClrSysId>
						<MmbId>MmbId-Must(':')Be/?-?+?-?/28</MmbId>
					</ClrSysMmbId>
					<LEI>VALUEFORLEI12345NO22</LEI>
				</FinInstnId>
			</PrvsInstgAgt2>
			<PrvsInstgAgt2Acct>
				<Id>
					<IBAN>HR1210010051863000160</IBAN>
				</Id>
				<Ccy>USD</Ccy>
				<Prxy>
					<Tp>
						<Cd>TELE</Cd>
					</Tp>
					<Id>OthrId4(':')Must(':')Be/?-?+?-?/351</Id>
				</Prxy>
			</PrvsInstgAgt2Acct>
			<PrvsInstgAgt3>
				<FinInstnId>
					<BICFI>WFBIUS6SZZZ</BICFI>
					<ClrSysMmbId>
						<ClrSysId>
							<Cd>AUBSB</Cd>
						</ClrSysId>
						<MmbId>MmbId-Must(':')Be/?-?+?-?/28</MmbId>
					</ClrSysMmbId>
					<LEI>VALUEFORLEI12345NO33</LEI>
				</FinInstnId>
			</PrvsInstgAgt3>
			<PrvsInstgAgt3Acct>
				<Id>
					<IBAN>FO1464600009692713</IBAN>
				</Id>
				<Tp>
					<Cd>CARD</Cd>
				</Tp>
				<Ccy>USD</Ccy>
				<Prxy>
					<Tp>
						<Cd>TELE</Cd>
					</Tp>
					<Id>OthrId4(':')Must(':')Be/?-?+?-?/351</Id>
				</Prxy>
			</PrvsInstgAgt3Acct>
			<InstgAgt>
				<FinInstnId>
					<BICFI>TESTCNVTXXX</BICFI>
				</FinInstnId>
			</InstgAgt>
			<InstdAgt>
				<FinInstnId>
					<BICFI>WFBIUS6SXXX</BICFI>
				</FinInstnId>
			</InstdAgt>
			<IntrmyAgt1>
				<FinInstnId>
					<BICFI>WFBIUS6SDDD</BICFI>
					<ClrSysMmbId>
						<ClrSysId>
							<Cd>AUBSB</Cd>
						</ClrSysId>
						<MmbId>MmbId-Must(':')Be/?-?+?-?/28</MmbId>
					</ClrSysMmbId>
					<LEI>5299001DYPSTT2ATLX95</LEI>
				</FinInstnId>
			</IntrmyAgt1>
			<IntrmyAgt1Acct>
				<Id>
					<IBAN>FO1464600009692713</IBAN>
				</Id>
				<Tp>
					<Cd>CARD</Cd>
				</Tp>
				<Ccy>USD</Ccy>
				<Prxy>
					<Tp>
						<Cd>TELE</Cd>
					</Tp>
					<Id>OthrId4(':')Must(':')Be/?-?+?-?/351</Id>
				</Prxy>
			</IntrmyAgt1Acct>
			<IntrmyAgt2>
				<FinInstnId>
					<BICFI>WFBIUS6S222</BICFI>
					<ClrSysMmbId>
						<ClrSysId>
							<Cd>AUBSB</Cd>
						</ClrSysId>
						<MmbId>MmbId-Must(':')Be/?-?+?-?/28</MmbId>
					</ClrSysMmbId>
					<LEI>5299001DYPSTT2ATLX12</LEI>
				</FinInstnId>
			</IntrmyAgt2>
			<IntrmyAgt2Acct>
				<Id>
					<IBAN>HR1210010051863000160</IBAN>
				</Id>
				<Tp>
					<Cd>CARD</Cd>
				</Tp>
				<Ccy>USD</Ccy>
				<Prxy>
					<Tp>
						<Cd>TELE</Cd>
					</Tp>
					<Id>OthrId4(':')Must(':')Be/?-?+?-?/351</Id>
				</Prxy>
			</IntrmyAgt2Acct>
			<IntrmyAgt3>
				<FinInstnId>
					<BICFI>WFBIUS6S333</BICFI>
					<ClrSysMmbId>
						<ClrSysId>
							<Cd>AUBSB</Cd>
						</ClrSysId>
						<MmbId>MmbId-Must(':')Be/?-?+?-?/28</MmbId>
					</ClrSysMmbId>
					<LEI>5299001DYPSTT2ATLX13</LEI>
				</FinInstnId>
			</IntrmyAgt3>
			<IntrmyAgt3Acct>
				<Id>
					<IBAN>AE260211000000230064016</IBAN>
				</Id>
				<Tp>
					<Cd>CARD</Cd>
				</Tp>
				<Ccy>USD</Ccy>
				<Prxy>
					<Tp>
						<Cd>TELE</Cd>
					</Tp>
					<Id>OthrId4(':')Must(':')Be/?-?+?-?/351</Id>
				</Prxy>
			</IntrmyAgt3Acct>
			<UltmtDbtr>
				<Nm>NmNm</Nm>
				<PstlAdr>
					<Dept>DeptDeptDeptDep</Dept>
					<SubDept>SubDeubDept</SubDept>
					<StrtNm>StreetNameStreeeetName</StrtNm>
					<BldgNb>1234567823456787</BldgNb>
					<BldgNm>BuildingNameBuildingNameBuildingNa1</BldgNm>
					<Flr>FirstSecondThird1111FirstSecondThird2222FirstSecondThird3333FirstSecon</Flr>
					<PstBx>5678000000000000</PstBx>
					<Room>RoomsSecondThird1111RoomstSecondThird2222RoomsSecondThird3333FirstSeco</Room>
					<PstCd>2345111111234567</PstCd>
					<TwnNm>TownNameTownNameTownNameTownNameTow</TwnNm>
					<TwnLctnNm>TwnLctnNmTwnLctnNmTwnLctnNmTwnLctnN</TwnLctnNm>
					<DstrctNm>DstrctNmDstrctNmDstrctNmDstrctNm123</DstrctNm>
					<CtrySubDvsn>CtrySubDvsn1CtrySubDvsn2CtrySubDvsn</CtrySubDvsn>
					<Ctry>US</Ctry>
				</PstlAdr>
				<Id>
					<PrvtId>
						<DtAndPlcOfBirth>
							<BirthDt>2019-09-09</BirthDt>
							<PrvcOfBirth>PrvcOfBirth</PrvcOfBirth>
							<CityOfBirth>City-Of-Birth-is---+/.,--'?Chennai</CityOfBirth>
							<CtryOfBirth>IN</CtryOfBirth>
						</DtAndPlcOfBirth>
						<Othr>
							<Id>OthrId1-(':')Must(':')Be/?-?+?-?/35</Id>
							<SchmeNm>
								<Prtry>OthrId1(':')Must(':')Be/?-?+?-?/356</Prtry>
							</SchmeNm>
							<Issr>DstrctNmDstrctNmDstrctNmDstrctNm123</Issr>
						</Othr>
						<Othr>
							<Id>OthrId1-(':')Must(':')Be/?-?+?-?/35</Id>
							<SchmeNm>
								<Prtry>OthrId1(':')Must(':')Be/?-?+?-?/356</Prtry>
							</SchmeNm>
							<Issr>DstrctNmDstrctNmDstrctNmDstrctNm123</Issr>
						</Othr>
					</PrvtId>
				</Id>
				<CtryOfRes>US</CtryOfRes>
			</UltmtDbtr>
			<InitgPty>
				<Nm>NmNmNmNmNmNmNmNmNmNmNmNmNmNmNmNmNmNmNmNmNmNmNmNmNmNmNmNmNmNmNmNmNmNmNmNmNmNmNmNmNmNmNmNmNmNmNmNmNmNmNmNmNmNmNmNmNmNmNmNmNmNmNmNmNmNmNmNmNmNm</Nm>
				<PstlAdr>
					<Dept>DeptDeptDeptDeptDeptDeptDeptDeptDeptDeptDeptDeptDeptDeptDeptDeptDeptDe</Dept>
					<SubDept>SubDeptSubDeptSubDeptSubDeptSubDeptSubDeptSubDeptSubDeptSubDeptSubDept</SubDept>
					<StrtNm>StreetNameStreetNameStreetNameStreetNameStreetNameStreetNameStreetName</StrtNm>
					<BldgNb>1234567823456787</BldgNb>
					<BldgNm>BuildingNameBuildingNameBuildingNa1</BldgNm>
					<Flr>FirstSecondThird1111FirstSecondThird2222FirstSecondThird3333FirstSecon</Flr>
					<PstBx>5678000000000000</PstBx>
					<Room>RoomsSecondThird1111RoomstSecondThird2222RoomsSecondThird3333FirstSeco</Room>
					<PstCd>2345111111234567</PstCd>
					<TwnNm>TownNameTownNameTownNameTownNameTow</TwnNm>
					<TwnLctnNm>TwnLctnNmTwnLctnNmTwnLctnNmTwnLctnN</TwnLctnNm>
					<DstrctNm>DstrctNmDstrctNmDstrctNmDstrctNm123</DstrctNm>
					<CtrySubDvsn>CtrySubDvsn1CtrySubDvsn2CtrySubDvsn</CtrySubDvsn>
					<Ctry>US</Ctry>
				</PstlAdr>
				<Id>
					<PrvtId>
						<DtAndPlcOfBirth>
							<BirthDt>2019-09-09</BirthDt>
							<PrvcOfBirth>PrvcOfBirth</PrvcOfBirth>
							<CityOfBirth>City-Of-Birth-is---+/.,--'?Chennai</CityOfBirth>
							<CtryOfBirth>IN</CtryOfBirth>
						</DtAndPlcOfBirth>
						<Othr>
							<Id>OthrId1-(':')Must(':')Be/?-?+?-?/35</Id>
							<SchmeNm>
								<Prtry>OthrId1(':')Must(':')Be/?-?+?-?/356</Prtry>
							</SchmeNm>
							<Issr>DstrctNmDstrctNmDstrctNmDstrctNm123</Issr>
						</Othr>
						<Othr>
							<Id>OthrId1-(':')Must(':')Be/?-?+?-?/35</Id>
							<SchmeNm>
								<Prtry>OthrId1(':')Must(':')Be/?-?+?-?/356</Prtry>
							</SchmeNm>
							<Issr>DstrctNmDstrctNmDstrctNmDstrctNm123</Issr>
						</Othr>
					</PrvtId>
				</Id>
				<CtryOfRes>US</CtryOfRes>
			</InitgPty>
			<Dbtr>
				<Nm>NmNmNmNmNmNm</Nm>
				<PstlAdr>
					<Dept>DeptDeptDeptDeDeptDeptDe</Dept>
					<SubDept>SubDeptSubDSubDept</SubDept>
					<StrtNm>StreeStreetName</StrtNm>
					<BldgNb>1234567823456787</BldgNb>
					<BldgNm>BuildingNameBuildingNameBuildingNa1</BldgNm>
					<Flr>FirstSecondThd3333FirstSecon</Flr>
					<PstBx>5678000000000000</PstBx>
					<Room>RoomsSecondThird1111RoomstSecondThird2222RoomsSecondThird3333FirstSeco</Room>
					<PstCd>2345111111234567</PstCd>
					<TwnNm>TownNameTownNameTownNameTownNameTow</TwnNm>
					<TwnLctnNm>TwnLctnNmTwnLctnNmTwnLctnNmTwnLctnN</TwnLctnNm>
					<DstrctNm>DstrctNmDstrctNmDstrctNmDstrctNm123</DstrctNm>
					<CtrySubDvsn>CtrySubDvsn1CtrySubDvsn2CtrySubDvsn</CtrySubDvsn>
					<Ctry>US</Ctry>
				</PstlAdr>
				<Id>
					<PrvtId>
						<DtAndPlcOfBirth>
							<BirthDt>2019-09-09</BirthDt>
							<PrvcOfBirth>PrvcOfBirth</PrvcOfBirth>
							<CityOfBirth>City-Of-Birth-is---+/.,--'?Chennai</CityOfBirth>
							<CtryOfBirth>IN</CtryOfBirth>
						</DtAndPlcOfBirth>
						<Othr>
							<Id>OthrId1-(':')Must(':')Be/?-?+?-?/35</Id>
							<SchmeNm>
								<Cd>CUST</Cd>
							</SchmeNm>
						</Othr>
						<Othr>
							<Id>OthrId1-(':')Must(':')Be/?-?+?-?/35</Id>
							<SchmeNm>
								<Cd>CUST</Cd>
							</SchmeNm>
						</Othr>
					</PrvtId>
				</Id>
				<CtryOfRes>US</CtryOfRes>
			</Dbtr>
			<DbtrAcct>
				<Id>
					<IBAN>AE260211000000230064016</IBAN>
				</Id>
				<Tp>
					<Prtry>OthrId1(':')Must(':')Be/?-?+?-?/356</Prtry>
				</Tp>
				<Ccy>USD</Ccy>
				<Prxy>
					<Tp>
						<Prtry>OthrId1(':')Must(':')Be/?-?+?-?/356</Prtry>
					</Tp>
					<Id>OthrId4(':')Must(':')Be/?-?+?-?/351</Id>
				</Prxy>
			</DbtrAcct>
			<DbtrAgt>
				<FinInstnId>
					<BICFI>WFBIUS6S111</BICFI>
					<ClrSysMmbId>
						<ClrSysId>
							<Cd>AUBSB</Cd>
						</ClrSysId>
						<MmbId>MmbId-Must(':')Be/?-?+?-?/28</MmbId>
					</ClrSysMmbId>
					<LEI>VALUEFORLEI12345NO11</LEI>
				</FinInstnId>
			</DbtrAgt>
			<DbtrAgtAcct>
				<Id>
					<IBAN>HR1210010051863000160</IBAN>
				</Id>
				<Tp>
					<Prtry>OthrId1(':')Must(':')Be/?-?+?-?/356</Prtry>
				</Tp>
			</DbtrAgtAcct>
			<CdtrAgt>
				<FinInstnId>
					<BICFI>WFBIUS6S222</BICFI>
					<ClrSysMmbId>
						<ClrSysId>
							<Cd>AUBSB</Cd>
						</ClrSysId>
						<MmbId>MmbId-Must(':')Be/?-?+?-?/28</MmbId>
					</ClrSysMmbId>
					<LEI>VALUEFORLEI12345NO11</LEI>
				</FinInstnId>
			</CdtrAgt>
			<CdtrAgtAcct>
				<Id>
					<IBAN>HR1210010051863000160</IBAN>
				</Id>
				<Tp>
					<Prtry>OthrId1(':')Must(':')Be/?-?+?-?/356</Prtry>
				</Tp>
			</CdtrAgtAcct>
			<Cdtr>
				<Nm>NmNmNmNmNmNmNmNmNmNmNmNmNmNmNmNmNmNmNmNmNmNmNmNmNmNmNmNmNmNmNmNmNmNmNmNmNmNmNmNmNmNmNmNmNmNmNmNmNmNmNmNmNmNmNmNmNmNmNmNmNmNmNmNmNmNmNmNmNmNm</Nm>
				<PstlAdr>
					<Dept>DeptDeptDeptDeptDeptDeptDeptDeptDeptDeptDeptDeptDeptDeptDeptDeptDeptDe</Dept>
					<SubDept>SubDeptSubDeptSubDeptSubDeptSubDeptSubDeptSubDeptSubDeptSubDeptSubDept</SubDept>
					<StrtNm>StreetNameStreetNameStreetNameStreetNameStreetNameStreetNameStreetName</StrtNm>
					<BldgNb>1234567823456787</BldgNb>
					<BldgNm>BuildingNameBuildingNameBuildingNa1</BldgNm>
					<Flr>FirstSecondThird1111FirstSecondThird2222FirstSecondThird3333FirstSecon</Flr>
					<PstBx>5678000000000000</PstBx>
					<Room>RoomsSecondThird1111RoomstSecondThird2222RoomsSecondThird3333FirstSeco</Room>
					<PstCd>2345111111234567</PstCd>
					<TwnNm>TownNameTownNameTownNameTownNameTow</TwnNm>
					<TwnLctnNm>TwnLctnNmTwnLctnNmTwnLctnNmTwnLctnN</TwnLctnNm>
					<DstrctNm>DstrctNmDstrctNmDstrctNmDstrctNm123</DstrctNm>
					<CtrySubDvsn>CtrySubDvsn1CtrySubDvsn2CtrySubDvsn</CtrySubDvsn>
					<Ctry>US</Ctry>
				</PstlAdr>
				<Id>
					<PrvtId>
						<DtAndPlcOfBirth>
							<BirthDt>2019-09-09</BirthDt>
							<PrvcOfBirth>PrvcOfBirth</PrvcOfBirth>
							<CityOfBirth>City-Of-Birth-is---+/.,--'?Chennai</CityOfBirth>
							<CtryOfBirth>IN</CtryOfBirth>
						</DtAndPlcOfBirth>
						<Othr>
							<Id>OthrId1-(':')Must(':')Be/?-?+?-?/35</Id>
							<SchmeNm>
								<Prtry>OthrId1(':')Must(':')Be/?-?+?-?/356</Prtry>
							</SchmeNm>
							<Issr>DstrctNmDstrctNmDstrctNmDstrctNm123</Issr>
						</Othr>
						<Othr>
							<Id>OthrId1-(':')Must(':')Be/?-?+?-?/35</Id>
							<SchmeNm>
								<Prtry>OthrId1(':')Must(':')Be/?-?+?-?/356</Prtry>
							</SchmeNm>
							<Issr>DstrctNmDstrctNmDstrctNmDstrctNm123</Issr>
						</Othr>
					</PrvtId>
				</Id>
				<CtryOfRes>US</CtryOfRes>
			</Cdtr>
			<CdtrAcct>
				<Id>
					<Othr>
						<Id>Id</Id>
						<SchmeNm>
							<Cd>AIIN</Cd>
						</SchmeNm>
						<Issr>Issr</Issr>
					</Othr>
				</Id>
				<Tp>
					<Prtry>Prtry</Prtry>
				</Tp>
				<Ccy>USD</Ccy>
				<Prxy>
					<Tp>
						<Prtry>Prtry</Prtry>
					</Tp>
					<Id>Id</Id>
				</Prxy>
			</CdtrAcct>
			<UltmtCdtr>
				<Nm>NmNmNmNmNmNmNmNmNmNmNmNmNmNmNmNmNmNmNmNmNmNmNmNmNmNmNmNmNmNmNmNmNmNmNmNmNmNmNmNmNmNmNmNmNmNmNmNmNmNmNmNmNmNmNmNmNmNmNmNmNmNmNmNmNmNmNmNmNmNm</Nm>
				<PstlAdr>
					<Dept>DeptDeptDeptDeptDeptDeptDeptDeptDeptDeptDeptDeptDeptDeptDeptDeptDeptDe</Dept>
					<SubDept>SubDeptSubDeptSubDeptSubDeptSubDeptSubDeptSubDeptSubDeptSubDeptSubDept</SubDept>
					<StrtNm>StreetNameStreetNameStreetNameStreetNameStreetNameStreetNameStreetName</StrtNm>
					<BldgNb>1234567823456787</BldgNb>
					<BldgNm>BuildingNameBuildingNameBuildingNa1</BldgNm>
					<Flr>FirstSecondThird1111FirstSecondThird2222FirstSecondThird3333FirstSecon</Flr>
					<PstBx>5678000000000000</PstBx>
					<Room>RoomsSecondThird1111RoomstSecondThird2222RoomsSecondThird3333FirstSeco</Room>
					<PstCd>2345111111234567</PstCd>
					<TwnNm>TownNameTownNameTownNameTownNameTow</TwnNm>
					<TwnLctnNm>TwnLctnNmTwnLctnNmTwnLctnNmTwnLctnN</TwnLctnNm>
					<DstrctNm>DstrctNmDstrctNmDstrctNmDstrctNm123</DstrctNm>
					<CtrySubDvsn>CtrySubDvsn1CtrySubDvsn2CtrySubDvsn</CtrySubDvsn>
					<Ctry>US</Ctry>
				</PstlAdr>
				<Id>
					<PrvtId>
						<DtAndPlcOfBirth>
							<BirthDt>2019-09-09</BirthDt>
							<PrvcOfBirth>PrvcOfBirth</PrvcOfBirth>
							<CityOfBirth>City-Of-Birth-is---+/.,--'?Chennai</CityOfBirth>
							<CtryOfBirth>IN</CtryOfBirth>
						</DtAndPlcOfBirth>
					</PrvtId>
				</Id>
				<CtryOfRes>US</CtryOfRes>
			</UltmtCdtr>
			<InstrForCdtrAgt>
				<Cd>TELB</Cd>
				<InstrInf>Test Only111NmNmNmNmNmNmNmNmNmNmNmNmNmNmNmNmNmNmNmNmNmNmNmNmNmNmNmNmNmNmNmNmNmNmNmNmNmNmNmNmNmNmNmNmNmNmNmNmNmNmNmNmNmNmNmNmNmNmNmNmNmNmNmNm</InstrInf>
			</InstrForCdtrAgt>
			<InstrForCdtrAgt>
				<Cd>HOLD</Cd>
				<InstrInf>Test Only222NmNmNmNmNmNmNmNmNmNmNmNmNmNmNmNmNmNmNmNmNmNmNmNmNmNmNmNmNmNmNmNmNmNmNmNmNmNmNmNmNmNmNmNmNmNmNmNmNmNmNmNmNmNmNmNmNmNmNmNmNmNmNmNm</InstrInf>
			</InstrForCdtrAgt>
			<InstrForNxtAgt>
				<InstrInf>Test Only1111111</InstrInf>
			</InstrForNxtAgt>
			<InstrForNxtAgt>
				<InstrInf>Test Only2222222</InstrInf>
			</InstrForNxtAgt>
			<InstrForNxtAgt>
				<InstrInf>Test Only3333333333</InstrInf>
			</InstrForNxtAgt>
			<InstrForNxtAgt>
				<InstrInf>Test Only4444444444</InstrInf>
			</InstrForNxtAgt>
			<Purp>
				<Cd>CORP</Cd>
			</Purp>
			<RgltryRptg>
				<DbtCdtRptgInd>CRED</DbtCdtRptgInd>
				<Authrty>
					<Nm>Sam</Nm>
					<Ctry>FR</Ctry>
				</Authrty>
				<Dtls>
					<Tp>123</Tp>
					<Dt>2019-10-18</Dt>
					<Ctry>FR</Ctry>
					<Cd>1520000018</Cd>
					<Amt Ccy="EUR">27644.11</Amt>
					<Inf>Value1</Inf>
					<Inf>Value2</Inf>
					<Inf>Value3</Inf>
				</Dtls>
				<Dtls>
					<Tp>111</Tp>
					<Dt>2018-10-18</Dt>
					<Ctry>US</Ctry>
					<Cd>1520000022</Cd>
					<Amt Ccy="EUR">27633.11</Amt>
					<Inf>Value11</Inf>
					<Inf>Value22</Inf>
					<Inf>Value33</Inf>
				</Dtls>
				<Dtls>
					<Tp>222</Tp>
					<Dt>2017-10-18</Dt>
					<Ctry>IN</Ctry>
					<Cd>1520000078</Cd>
					<Amt Ccy="EUR">27644.01</Amt>
					<Inf>Value4</Inf>
					<Inf>Value5</Inf>
					<Inf>Value6</Inf>
				</Dtls>
			</RgltryRptg>
			<RgltryRptg>
				<DbtCdtRptgInd>DEBT</DbtCdtRptgInd>
				<Authrty>
					<Nm>Samy</Nm>
					<Ctry>US</Ctry>
				</Authrty>
				<Dtls>
					<Tp>123</Tp>
					<Dt>2019-10-18</Dt>
					<Ctry>FR</Ctry>
					<Cd>1520000018</Cd>
					<Amt Ccy="EUR">27644.11</Amt>
					<Inf>Value</Inf>
					<Inf>Value</Inf>
					<Inf>Value</Inf>
				</Dtls>
				<Dtls>
					<Tp>123</Tp>
					<Dt>2019-10-18</Dt>
					<Ctry>FR</Ctry>
					<Cd>1520000018</Cd>
					<Amt Ccy="EUR">27644.11</Amt>
					<Inf>Value</Inf>
					<Inf>Value</Inf>
					<Inf>Value</Inf>
				</Dtls>
				<Dtls>
					<Tp>123</Tp>
					<Dt>2019-10-18</Dt>
					<Ctry>FR</Ctry>
					<Cd>1520000018</Cd>
					<Amt Ccy="EUR">27644.11</Amt>
					<Inf>Value</Inf>
					<Inf>Value</Inf>
					<Inf>Value</Inf>
				</Dtls>
			</RgltryRptg>
			<RmtInf>
				<Ustrd>Value</Ustrd>
			</RmtInf>
		</CdtTrfTxInf>
	</FIToFICstmrCdtTrf>
</Document>
